domain,company_commercial_name,company_legal_name,company_all_available_names,phone,social_media_link
sunnirey.shop,Sunnirey,Chengdu Fengbin Manganese Zhen Electronic Commerce Co. Ltd., Chengdu Fengbin Manganese Zhen Electronic Commerce Co. Ltd.|Sunnirey ,,
venturemediaagency.com,Venture Media Agency,,Venture Media Agency,,
laflosd.com,LAFLO,,LAFLO,,
jahmakingsconstruction.com,Jahmakings,, JAHMAKINGS CONSTRUCTION|Jahmakings ,,
the-chimneymasters.com,THE CHIMNEY MASTERS,, The Chimney Masters - Cypress|THE CHIMNEY MASTERS ,,
reelsafarischarters.com,REEL SAFARI'S CHARTERS LLC.,REEL SAFARI'S CHARTERS LLC.,REEL SAFARI'S CHARTERS LLC. | Reelsafarischarters,,
reveportraits.com,Reve Portraits,Reve Portraits Ltd.,Reve Portraits | Reve Portraits Ltd.,,
joyfuladoptions.com,Barbara C. Jones,,Barbara C. Jones,,
eringallagher.wordpress.com,Erin Gallagher Jewelry,,Erin Gallagher Jewelry,,
actioncomedyfilms.com,Action Comedy Films616,,Action Comedy Films616 | Action Comedy Films,,
propertyguysnj.com,Property Guys,,Property Guys | Property Guys NJ,,
reflexdelivery.com,Reflex Delivery,,Reflex Delivery,,
jtheater.com,J.T. H EATER,,J.T. H EATER | J T Heater-Architect,,
davidprieto.realestate,Sync Brokerage,,Sync Brokerage,,
budgetmobilehometransport.com,Budget Mobile Home Removal & Transport,, Mobile Home Movers | Budget Mobile Home Transport|Budget Mobile Home Removal & Transport ,,
cedarwork.org,Cedar Work,,Cedar Work | Cedar Work International,,
winningham-iron-metal.business.site,Winningham Iron & Metal,,Winningham Iron & Metal,,
directjet.com,Direct Jet Charter LLC.,Direct Jet Charter LLC., Direct Jet Charter | Direct Jet|Direct Jet Charter LLC. ,,
penchiroclinic.com,Peninsula Chiropractic,, Peninsula Chiropractic Clinic|Peninsula Chiropractic ,,
airprofork.com,AirPro Fork,,AirPro Fork,,
cryptohomiesclub.io,CryptoHomies Club,Homieshop Properties LLC or Non-Fungible Art Inc., Homieshop Properties LLC or Non-Fungible Art Inc. |CryptoHomies Club | CRYPTO HOMIES | Homieshop Properties LLC.,,
carvedsoulsmusic.com,Carved Souls,,Carved Souls,,
journey2beme.com,Paint Yourself Beautiful,,Paint Yourself Beautiful,,
couplescounselingatlanta.com,Atlanta Couples Counseling,,Atlanta Couples Counseling,,
marriagecounselingmemphis.com,Marriage Counseling Memphis,,Marriage Counseling Memphis,,
brandibaileyphotos.com,Brandi Bailey Photos,,Brandi Bailey Photos,,
marylandplatingservicinginc.com,Maryland Plating & Servicing Inc.,Maryland Plating & Servicing Inc.,Maryland Plating & Servicing Inc. | Maryland Plating & Servicing,,
myparee.com,Coach AWE LLC.,Coach AWE LLC.,Coach AWE LLC. | Coach Awe,,
marrs-jonesfuneralhome.com,Marrs-Jones Funeral,, All Faiths of the Pines|Marrs-Jones Funeral | Marrs-Jones | Marrs-Jones Funeral Home ,,
fedorovfilms.com,Fedorov Films,,Fedorov Films,,
sinceremobilephlebotomy.net,Sincere Touch Mobile Phlebotomy LLC.,Sincere Touch Mobile Phlebotomy LLC.,Sincere Touch Mobile Phlebotomy LLC. | Sincere Touch Mobile Phlebotomy | At Sincere Touch Mobile Phlebotomy LLC. | Touch Mobile Phlebotomy LLC.,,
ancientcityappraisals.com,Ancient City Appraisals,Ancient City Appraisals Inc.,Ancient City Appraisals | Ancient City Appraisals Inc.,,
thelocalmanjakemangan.com,The Local Man,,The Local Man | Local Man,,
timothylee.us,Timothy Lee,,Timothy Lee,,
getrazuzz.com,Get Razuzz,,Get Razuzz,,
villavieira.com,Villa Vieira,,Villa Vieira,,
dskidsermons.com,Dollar Store Children Sermons,,Dollar Store Children Sermons,,
tashahmoore.com,Tasha H. Moore,Tasha H Moore LLC., Tasha H Moore LLC.|Tasha H. Moore ,,
gsiprint.com,Graphic Services Inc.,Graphic Services Inc.,Graphic Services Inc. | Graphic Services,,
caninereproductivecenter.com,Canine Reproduction Center,,Canine Reproduction Center,,
capricommercialcapital.com,Capri Commercial Capital,,Capri Commercial Capital | Capri Commercial Cap,,
barbaranichols.org,Barbara Nichols M.A.,, Barbara Nichols|Barbara Nichols M.A. ,,
laydomsouth.org,Southern Dominican Laity,,Southern Dominican Laity,,
kufflet.com,Kufflet,Kuffstuff LLC.,Kufflet | Kuffstuff LLC.,,
continentalfresh.com,Continental Fresh,,Continental Fresh,,
3lechesbake.com,3 Leches Bakery Cafe,Leches Bakery & Cafe LLC., Leches Bakery & Cafe LLC.| 3 Leches Bakery |3 Leches Bakery Cafe ,,
fivestarpoollinerswilliamstown.com,Five Star Pool Liners,,Five Star Pool Liners | Five Star Pool Liners Williamstown,,
lionsteelstructuresco.com,Lion Steel Structures,,Lion Steel Structures,,
miltongeorgialiving.com,Milton GA Living,,Milton GA Living,,
growthfutures.net,Growth Futures,Lafayette Commodities Inc.,Growth Futures | Lafayette Commodities Inc.,,
thebentleyparkcommunityassociation.org,Bentley Park Community Association,Bentley Park Community Association,Bentley Park Community Association,,
hairbykole.com,Hair by Kole,,Hair by Kole,,
richardsservicecenter.com,Richards Service Center,,Richards Service Center,,
parisfumc.org,Paris First United Methodist Church Inc.,Paris First United Methodist Church Inc., Paris FUMC|Paris First United Methodist Church Inc. ,,
maiaschmidt.com,Maia Schmidt,,Maia Schmidt,,
camilluscusecamp.com,'Cuse Camp,,'Cuse Camp,,
downunderpottery.com,Down Under Pottery,,Down Under Pottery,,
tax-masters.net,Tax-Masters,,Tax-Masters,,
proexecstaffing.com,Pro-Exec Staffing LLC.,Pro-Exec Staffing LLC.,Pro-Exec Staffing LLC. | Pro Exec Staffing,,
bundlesbybassett.com,Bundles By Bassett,,Bundles By Bassett,,
magarc.org,MagARC,,MagARC,,
epertase.com,TIANJIN CONSTRUCTION TECHNOLOGY CO. LTD.,TIANJIN CONSTRUCTION TECHNOLOGY CO. LTD.,TIANJIN CONSTRUCTION TECHNOLOGY CO. LTD.,,
vibrantlifefarms.com,Vibrant Life Aquaponics,, Vibrant Life Farms|Vibrant Life Aquaponics ,,
down-southmoving.business.site,Down South Moving,,Down South Moving,,
truyasushica.com,Truya Sushi,,Truya Sushi,,
foxtrailerservice.com,Fox Trailer Service,Fox Trailer Service LLC., Fox Trailer Service LLC. | Fox Trailer|Fox Trailer Service ,,
unitedcloudtechnologies.com,United Cloud Technologies,,United Cloud Technologies,,
ageanabrett.com,Humboldt County Real Estate Agent,,Humboldt County Real Estate Agent,,
atlanticsltd.com,Atlanticsltd,,Atlanticsltd,,
trihealthbalance.com,Tri Health Balance,,Tri Health Balance,,
pearlcorker.wordpress.com,The Guinea Pig Generation,,The Guinea Pig Generation,,
thejewishheritagefoundation.com,The Jewish Heritage Foundation,The Jewish Heritage Foundation Inc.,The Jewish Heritage Foundation | The Jewish Heritage Foundation Inc.,,
kristyler.com,Kris Tyler WaterColor,,Kris Tyler WaterColor | Kris Tyler,,
haqelyaqeen.com,Grocery Store Tempalate,,Grocery Store Tempalate,,
knickonwood.com,kNickonwood,,kNickonwood,,
baypointlabs.com,Bay Point Labs,Bay Point Laboratories Inc., Bay Point Laboratories Inc.|Bay Point Labs ,,
palla-siding-and-windows.business.site,Palla Siding & Windows,,Palla Siding & Windows,,
steppir.com,SteppIR Communication Systems,SteppIR Inc., SteppIR Inc.| SteppIR |SteppIR Communication Systems ,,
lifeofbtc.org,Beyond The Court LLC.,Beyond The Court LLC., The Beyond The Court LLC.|Beyond The Court LLC. ,,
minastollery.com,Mina Stollery,,Mina Stollery,,
drmeganseltz.com,Dr. Megan Seltz,,Dr. Megan Seltz,,
coltonfamilydental.com,Colton Family Dental,DEVANG PATEL DDS INC., DEVANG PATEL DDS INC.|Colton Family Dental | Colton family dental Patel Devang DDS ,,
meroscience.org,MENLO-ATHERTON ECOLOGY RESEARCH OUTDOORS,,MENLO-ATHERTON ECOLOGY RESEARCH OUTDOORS | MENLO-ATHERTON ECOLOGY,,
parklandhairclinic.info,Parkland Hair Clinic,,Parkland Hair Clinic,,
romanthumbs.com,Romanthumbs,,Romanthumbs,,
yingtexun.com,Izeetak,,Izeetak,,
bc-hinger.com,BC HINGER,,BC HINGER,,
jessicaashwellness.com,Jessica Ash Wellness,Jessica Ash Wellness LLC.,Jessica Ash Wellness | Jessica Ash Wellness LLC.,,
hbcofrochester.org,Hillcrest Baptist Church,,Hillcrest Baptist Church,,
iam-boeing.com,IAM Boeing Joint Programs Central Site Office,,IAM Boeing Joint Programs Central Site Office,,
runlikeclockwork.com,Run Like Clockwork,Run Like Clockwork LLC.,Run Like Clockwork | Run Like Clockwork LLC.,,
aop3d.com,AOP3D tech,AOP3D ULTIMATE PC., AOP3D ULTIMATE PC.|AOP3D tech | AOP3D ,,
ccspatherapies.com,CC Spa Therapies,,CC Spa Therapies,,
graspinc.org,Greece Residents Assisting Stray Pets,Assisting Stray Pets Incorporated,Greece Residents Assisting Stray Pets | Assisting Stray Pets Incorporated,,
fccherrick.org,First Christian Church Of Herrick,,First Christian Church Of Herrick,,
crazy.builders,Crazy Builders,, Crazy|Crazy Builders ,,
erichedlund.com,Eric Hedlund,,Eric Hedlund,,
fitfeetflorida.com,Fit Feet For Life,,Fit Feet For Life | Fit Feet For,,
skgfitness.training,SKG Fitness LLC.,SKG Fitness LLC., SKG Fitness|SKG Fitness LLC. ,,
abcbni.com,Active Business Connections BNI,, Active Business Connections|Active Business Connections BNI ,,
bodegaunclick.com,Bodega Un Click,, Bodegaunclickadmin|Bodega Un Click ,,
kelleyroadrace.com,Kelley Road Race,SNERRO LLC.,Kelley Road Race | SNERRO LLC.,,
rcgglobaltv.com,RCG Global TV Network,, RCG Global TV|RCG Global TV Network ,,
iambaldianastyles.info,IAmBaldianaStyles,,IAmBaldianaStyles,,
kaleofamilies.org,Kaleo Family Services,, Kaleo Families|Kaleo Family Services ,,
romesportshalloffame.com,Rome Sports Hall of Fame,,Rome Sports Hall of Fame | Rome Sports Hall of Fame &amp Museum,,
prashnercpa.com,Prashner CPA,Prashner CPA P.C.,Barbara R. Prashner | Barbara Prashner | Prashner CPA P.C. | Barbara R. Prashner CPA P.C.| Prashner CPA ,,
aiesteam.org,Academy for Innovation in Education,,Academy for Innovation in Education | AIE STEAM,,
50ggirls.com,50 G-GIRLS,50G-Girls Inc., 50G-Girls Inc.|50 G-GIRLS ,,
montcapitalpartners.com,Mont Capital Partners,Mont Capital Partners LLC., Mont Capital Partners LLC.|Mont Capital Partners ,,
osalra.com,OSALRA,,OSALRA,,
analogique.com,ANALOGIQUE SERVICES LABS,Analogique Service Labs Inc., Analogique | Analogique Service Labs Inc.|ANALOGIQUE SERVICES LABS ,,
kcsweep.com,Fluesbrothers Chimney Service,Fluebrothers Llc, Fluebrothers Llc| Fluesbrothers Chimney | Fluesbrothers Chimney of Overland Park |Fluesbrothers Chimney Service ,,
cincyscrubs.com,Cincy Scrubs,,Cincy Scrubs,,
handymanexpressservice.net,Handyman Express Service,Handyman Express Service LLC., Handyman Express Service LLC. |Handyman Express Service | Handyman Express,,
adaini.com,A daini,,A daini | ALEXANDRA DAINI,,
maquez-kennelz.business.site,Marquez Kennelz,,Marquez Kennelz,,
oldfarmhouseprimitives.com,Old Farmhouse Primitives,,Old Farmhouse Primitives,,
evadoyle.com,Eva Doyle MBA,, Eva Doyle|Eva Doyle MBA ,,
nashvilleucc.org,Nashville United Church of Christ,, NASHVILLE UCC | Nashville U.C.C. Recreational Park|Nashville United Church of Christ ,,
ortsac.com,Ortsac Capital Group,, Ortsac Capital|Ortsac Capital Group ,,
acifund.com,Acifund,Alta Development I LLC.,Acifund | Alta Development I LLC. | Alta XI LLC.,,
therealbcmg.com,BLUE COLLAR MUSIC GROUP,,BLUE COLLAR MUSIC GROUP,,
seamuspuppy.com,KIND HEART,,KIND HEART,,
abreakdisabilityandrespite.com,A Break Disability and Respite,A Break Disability and Respite Services PTY., A Break Disability and Respite Services PTY. |A Break Disability and Respite | Respite Services PTY LTD. | A Break Disability and Respite Services,,
innsofcourt.org,American Inns of Court Foundation,, American Inns of Court|American Inns of Court Foundation ,,
snugharborca.com,Snug Harbor,,Snug Harbor,,
intfloors.com,Interior Flooring Solutions,,Interior Flooring Solutions,,
tylerteaches.com,Tyler teaches com,,Tyler teaches com,,
ihostnewyork.com,IHOST Newyork,, FULL CIRCLE INC.|IHOST Newyork ,,
dolphinsdigital.org,Dinosaurs Field day,,Dinosaurs Field day,,
keepsakeweddingphotography.com,Keepsake Wedding Photography,,Keepsake Wedding Photography,,
reignvolleyball.com,Reign Volleyball,,Reign Volleyball,,
thecollectiveeffect.org,THE COLLECTIVE EFFECT,,THE COLLECTIVE EFFECT | COLLECTIVE EFFECT,,
concordncwildliferemoval.com,Concord NC Wildlife Removal,,Concord NC Wildlife Removal | Concord Wildlife Removal,,
theceosalon.com,The CEO Salon,, The CEO Salon Bakersfield| CEO Salon |The CEO Salon ,,
cousineauforestproducts.com,Cousineau Forest Products,Cousineau Company, Cousineau Company|Cousineau Forest Products ,,
86fest.com,86FEST,,86FEST,,
gkama.com,Gonzalez Karate Academy,,Gonzalez Karate Academy,,
tvwelove.com,TvWeLove,,TvWeLove,,
mazautoglass.com,MAZ Auto Glass,,MAZ Auto Glass,,
jasonheltonrealestate.com,Jason Helton,,Jason Helton | JASON HELTON REAL ESTATE,,
caring-hands-seniorsolutionsgroupinc.business.site,Caring Hands,,Caring Hands,,
cowpaddyfudge.wordpress.com,Cow Paddy Irish Fudge,,Cow Paddy Irish Fudge | Cowpaddyfudge,,
horizons.church,Horizons,,Horizons | Horizons Community Church | Horizons Church Lincoln NE| Horizons Church ,,
mctierart.com,McTier Art,,McTier Art,,
cavachonsofoklahoma.com,Cavachons of Oklahoma,,Cavachons of Oklahoma,,
leahyfamilydentistry.com,Leahy Family Dentistry,, Leahy|"Leahy Family Dentistry , Kenneth Dds",
southsidedentalcare-dentalclinic.business.site,Southside Dental Care Dental Clinic,,Southside Dental Care Dental Clinic | Southside Dental Care,,
clinejewelers.com,Cline Jewelers,, Cline Custom Jewelers |Cline Jewelers | Cline Jewelers in Edmonds | Cline Manufacturing Jewelers,,
techsynario.com,Tech Synario,,Tech Synario,,
hyhp.org,HYHP,,HYHP | Hawai'i Young Healthcare Professionals,,
monahanclinics.com,Monahan Chiropractic Medical Clinics,, Monahan Chiropractic |Monahan Chiropractic Medical Clinics | Monahan Chiropractic Medical| Monahan Clinics ,,
jonfoxmusic.com,Jon Fox Music,,Jon Fox Music,,
big-dog-boarding.business.site,Big Dog Boarding,,Big Dog Boarding,,
amlimdrmarina.com,AMLI Marina Del Rey,,AMLI Marina Del Rey,,
fkideas.com,F.K Ideas,,F.K Ideas | M&B Footwear Pvt. Ltd.,,
verve-medical.com,Verve Medical,Verve Medical Inc., Verve | Verve Medical Inc.|Verve Medical ,,
harvardpsc.com,Palestine Solidarity Committee,,Palestine Solidarity Committee | Harvard psc| Harvard College Palestine Solidarity Committee ,,
bluestreakgrinding.com,Blue Streak Grinding,,Blue Streak Grinding | Blue Streak | Bell Helicopter Textron Inc.,,
talkingparents.com,Talking Parents,TalkingParents Helps Co.,Talking Parents | TalkingParents Helps Co.,,
shiftflg.com,Shift Kitchen & Bar,, Shift FLG|Shift Kitchen & Bar ,,
brentwood365.com,Brentwood365,,Brentwood365,,
pastorecompany.com,Pastore Houldsworth & Co.,Pastore Houldsworth & Co., Pastorecompany|Pastore Houldsworth & Co. | Pastore Houldsworth & Co. LLC. ,,
pcinapa.com,PCI Napa,,PCI Napa | Parts Center Inc.,,
timothyburger.com,Timothy Burger,,Timothy Burger,,
myapexhomeinspection.com,Apex Home Inspection,,Apex Home Inspection,,
aproa.org,APROA,,APROA,,
jrmatheny.com,JRM designcreative,,JRM designcreative,,
pacificelectric.biz,Pacific Electric Inc.,Pacific Electric Inc.,Pacific Electric Inc. | Pacific Electric | Electrical Testing & Maintenance Service Inc.,,
macazancorp.com,Macazan,Macazan Corp., Macazan Corp.|Macazan ,,
rrrobotictec.com,R&R ROBOTIC TECHNOLOGY,,R&R ROBOTIC TECHNOLOGY | R&R ROBOTIC TECHNOLOG | R&R Robotics,,
chevrv.com,ChevRV,Chevi Enterprises LLC., Chevi Enterprises LLC.|ChevRV ,,
kokuanutrition.com,KOKUA Lifestyle and Nutrition,, KOKUA Lifestyle and Nutrition Dietitian Services|KOKUA Lifestyle and Nutrition ,,
jerkkingsnj.com,Jerk Kings Smoke & BBQ,,Jerk Kings Smoke & BBQ,,
hudsonlux365.com,Hudson Lux,,Hudson Lux,,
downeygroupllc.com,Downey Group LLC.,Downey Group LLC., The Downey Group |Downey Group LLC. | All Division Commercial Products LLC.,,
dolee-rentals.com,DoLee Rentals Inc.,DoLee Rentals Inc., DOLEE RENTALS | DoLee Rentals Inc. DoLee Rentals|DoLee Rentals Inc. ,,
fynres.com,Fyn Real Estate Services,,Fyn Real Estate Services,,
beagibbons.com,Andrew Gibbons,,Andrew Gibbons,,
fortlaudedalepsychic.com,Twin flame psychic,,Twin flame psychic,,
fanbladedesigns.com,Fan Blade Designs,, Fan Sox|Fan Blade Designs ,,
romangalloway.com,Roman Galloway,,Roman Galloway,,
calcoastjewelryappraisers.com,Cal Coast Jewelry Appraisers,Cal Coast Jewelry Appraisers Inc.,Cal Coast Jewelry Appraisers | Cal Coast Jewelry Appraisers Inc.| Cal Coast Jewelry ,,
impaxinc.com,IMPAX INC.,IMPAX INC.,IMPAX INC. | Impax Corp.,,
paigeleblanc.com,PAIGE LEBLANC,,PAIGE LEBLANC,,
off-trail.co,Off trail,,Off trail,,
northwest-georgia-regional-commission.business.site,Northwest Georgia Regional Commission,,Northwest Georgia Regional Commission,,
whaleygfx.com,WHALEY GFX,WHALEY GFX LLC., WHALEY GFX LLC.|WHALEY GFX ,,
nbwatergardens.com,Nature's Beauty Water Gardens,, Nbwatergardens|Nature's Beauty Water Gardens ,,
maryfrancespencer.com,Mary Frances Spencer,,Mary Frances Spencer,,
forsythvet.com,Forsyth Veterinary Hospital,, Forsyth Veterinary|Forsyth Veterinary Hospital ,,
cepstone-llc.com,CEPStone LLC.,CEPStone LLC.,CEPStone LLC.,,
longrealty.com,Long Realty Blog,Long Realty Co., Long Realty Company | Long Realty Co.| Buying a Home with Long Realty Company | Long Realty Blog |Long Realty ,,
meskauskis.com,Meskauskis,,Meskauskis | Neil Meskauskis,,
paradiseatlasttravel.com,Brandi Cutrell,,Brandi Cutrell,,
shootmethevin.com,Shoot Me The Vin,,Shoot Me The Vin,,
ercc.biz,Elkins Rehabilitation & Care Center,,Elkins Rehabilitation & Care Center | ERCC,,
haciendailusionpr.com,Hacienda Ilusion,, Hacienda Ilusión | Haciendailusionpr|Hacienda Ilusion ,,
kickitupquilting.com,Kick It Up Quilting,,Kick It Up Quilting | Kick It Up Quilting2,,
rainbowphillyweddingofficiants.com,Rainbow Philly Wedding Officiants,,Rainbow Philly Wedding Officiants | Rainbow Philly Wedding,,
coloradolivingblog.com,Colorado Living,Windermere Services Company, Windermere Services Company| Colorado Living blog | Windermere Local |Colorado Living ,,
jointguard.com,Joint Guard,,Joint Guard,,
vghgroup.org,VGH Group,,VGH Group,,
nynjelevator.com,NY NJ Elevator Corp.,NY NJ Elevator Corp., NJ Elevator Corp.|NY NJ Elevator Corp. | Nynjelevator | NY NJ Elevator Co. ,,
shmstudios.com,SHM Studios,,SHM Studios,,
floridaloansigning.com,Florida Loan Signing,FLORIDA LOAN SIGNING LLC., FLORIDA LOAN SIGNING LLC.|Florida Loan Signing ,,
veridiumid.com,Veridiumid,Veridium,form|for|Veridium|Veridiumid|Us|us,+49285891510,https://www.instagram.com/rattaygroup/
2020relining.com,20 20 Relining,, 20 20 Rooter & Relining|20 20 Relining ,,
2701jamesmwood.com,2701 James M wood,,2701 James M wood,,
easystreetcookies.com,Easy Street Cookies,,Easy Street Cookies,,
urtubiavielma.com,URTUBIA & VIELMA,URTUBIA & VIELMA LLC., URTUBIA & VIELMA LLC.|URTUBIA & VIELMA ,,
paysonhandyman.com,Better Way Homes,,Better Way Homes,,
themasker.com,The Masker,The SID Masker Inc., Masker | SID Masker Inc.|The Masker | The SID Masker Inc. ,,
smartdivorcestrategy.com,Smart Divorce Strategy,,Smart Divorce Strategy,,
banconex.com,Banconex,,Banconex,,
royaltylandscapinganddesign.com,Royalty Landscaping & Design,Royalty Landscaping & Design Inc.,Royalty Landscaping & Design | Royalty Landscaping & Design Inc.,,
lorettola.org,Lady of Loretto Parish,, Lady of Loretto |Lady of Loretto Parish | Lady of Loretto Church | Loretto LA,,
beautyblueprintllc.com,Beauty Blueprint LLC.,Beauty Blueprint LLC.,Beauty Blueprint LLC. | Beauty Blueprint,,
sewardlostlakelodge.com,Seward Lost Lake Lodge,,Seward Lost Lake Lodge | Lost Lake Lodge,,
rubpage.com,Body rub by Massage 213,,Body rub by Massage 213 | Bodyrub,,
atlantanephrologyassociates.com,Atlanta Nephrology,, Atlanta Nephrology Associates|Atlanta Nephrology ,,
neptune-society.com,Neptune Society of Northern California,Neptune Society, Neptune Society | Neptune Society of Northern California Neptune Society |Neptune Society of Northern California | Neptune Society Inc.,,
lynnavo.com,LYNNA VO,,LYNNA VO,,
darstproperties.com,Darst Properties,Darst Properties LLC., Darst Properties LLC.|Darst Properties ,,
pearlandcounseling.com,Life 360 Solutions,,Life 360 Solutions,,
kaylabeehler.com,Kayla Beehler,, Ashcroft Inc.|Kayla Beehler ,,
defioptions.org,DeFi Options,,DeFi Options,,
dionisioducusin.com,Dionisio Ducusin,,Dionisio Ducusin,,
flash-wingo.com,Flash Wingo Comics,, Flash Wingo|Flash Wingo Comics ,,
mutterpasshuellen.eu,Geschenke zur Schwangerschaft,,Geschenke zur Schwangerschaft,,
central-texas-mobile-notary-notary-public.business.site,Central Texas Mobile Notary,, Central Texas Mobile Notary Notary Public|Central Texas Mobile Notary ,,
theneedlehouse.com,Needle House,,Needle House | Needledeeva Inc.| The Needle House ,,
mompopshop.com,Mom and Pop Shop Popsicles,,Mom and Pop Shop Popsicles | Mom Pop Shop,,
gentzlerelectric.com,Gentzler Electric,Gentzler Electrical Services Inc.,Gentzler Electric | Gentzler Electrical Services Inc. | Gentzler Electrical Svc Inc| Gentzler Electric LLC. ,,
behindthewhitebeard.com,Behind the White Beard,Behind The White Beard LLC.,Behind the White Beard | Behind The White Beard LLC.,,
hitsforhomeless.com,Hits for Homeless,,Hits for Homeless,,
thestonenc.com,Thestonenc,, The Stone Church | The Stone|Thestonenc ,,
fuecid.shop,FUECID,, Store Group Holdings Ltd.|FUECID ,,
crossroadsrvpk.com,Crossroads RV Park,,Crossroads RV Park,,
govirtualoffice.com,goVirtualOffice LLC.,goVirtualOffice LLC., Govirtualoffice|goVirtualOffice LLC. ,,
charliesproshop.com,Charlies Pro Shop,,Charlies Pro Shop,,
ericamhill.com,Erica Hill,,Erica Hill,,
serenapezzato.com,Serena Pezzato,,Serena Pezzato,,
coffee-homemachines.club,Coffee-Homemachines,,Coffee-Homemachines | Northecomm LLC.,,
mendiolagardening.com,Mendiola's Gardening,, Mendiola’s gardening - Home|Mendiola's Gardening ,,
earthagent.org,Earth Agent,,Earth Agent,,
yjlashstudio.com,YJ EYELASH,YJ Eyelash Inc.,YJ EYELASH | YJ Eyelash Inc.,,
kcc.org,Kcc Tibetan Buddhist Center,KAGYU CHANG CHUB CHULING CHURCH CORPORATION, KAGYU CHANG CHUB CHULING CHURCH CORPORATION|Kcc Tibetan Buddhist Center ,,
thej3group.com,The J3 Group,The J3 Group Inc., The J3 Group Inc. | J3 Group Inc.| J3 Group |The J3 Group ,,
clarionstl.com,Clarion Marketing,,Clarion Marketing,,
wanakenapinecone.wordpress.com,Black Waters Cafe,,Black Waters Cafe,,
sceniclandscaping.net,Scenic Landscaping,,Scenic Landscaping,,
hautesalonjc.com,Haute Salon,, Haute Salon - Home|Haute Salon ,,
drariatirakic.com,Ariati,,"Ariati | Rakic, Ariati S Phd | Dr. Ariati Rakic",
healthtrustpg.com,HealthTrust Product and Technology,Health Trust, HealthTrust Product and Technology | HealthTrust Product & Technology | HealthTrust Supply Chain | Health Trust | HealthTrust Performance Group | HealthTrust's|Healthtrustpg ,,
sunnova-solar-oakland.business.site,Sunnova Solar Oakland,,Sunnova Solar Oakland,,
artworkbydoyle.com,Artwork by Doyle,,Artwork by Doyle,,
cityofmountlaketerrace.com,Mountlake,,Mountlake,,
secag.org,SECAG,, Secure Enterprise Cloud Architecture Group|SECAG ,,
mghomeremodelling.info,M&G Home Remodeling,,M&G Home Remodeling,,
aspecialtouchflorist.net,A Special Touch Florist,,A Special Touch Florist,,
vividsalonmadison.com,Vivid Inc.,Vivid Inc., Vivid salon|Vivid Inc. ,,
clockinc.org,Clock Inc.,Clock Inc.,Clock Inc. | Free Clock Inc.,,
verdantporch.com,The Verdant Porch,, Verdant Porch|The Verdant Porch ,,
aetheradvisors.com,Aether Advisors,AETHER ADVISORS LLC.,Aether Advisors | AETHER ADVISORS LLC.,,
morrisholmes.com,Morris Holmes & Co.,Morris Holmes & Co., Morris Holmes & Co. Inc.|Morris Holmes & Co. ,,
peakdds.com,Peak Dental,,Peak Dental,,
brooklyntreecompany.com,Brooklyn Tree Company,Brooklyn Tree Company, Brooklyn Tree|Brooklyn Tree Company ,,
mygentxt.org,MyGenTxt,,MyGenTxt,,
rfacapitalcorp.com,RFA Capital,RFA Capital Corp.,RFA Capital | RFA Capital Corp.,,
carolynlewismed.com,Carolyn Lewis M,, Carolyn|Carolyn Lewis M ,,
liverpoolchurch.com,Liverpool Community Church,,Liverpool Community Church,,
ilikeflatroofs.com,I Like Roofing,,I Like Roofing,,
the-greenwich.com,The Greenwich,,The Greenwich,,
themacks.wordpress.com,God Change,,God Change,,
sanfranciscowinecenter.com,SF Wine Center,Indie Wine Company, Indie Wine Company|SF Wine Center | San Francisco Wine Center ,,
hiddenforestdesign.com,Hidden Forest Design,, Hidden Forest|Hidden Forest Design | Hidden Forest Floral Design ,,
academyofamazement.com,Academy Of Amazement,Academy of Amazement LLC.,Academy Of Amazement | Academy of Amazement LLC.,,
veritassynergetic.com,Veritas Synergetic,,Veritas Synergetic,,
aether-multimedia-llc.business.site,Aether Multimedia Productions LLC.,Aether Multimedia Productions LLC.,Aether Multimedia Productions LLC.,,
goldenscrollsoloists.com,Golden Scroll Soloists,Siman Tov Mazel Tov., Simon Tov Chosen Kalle Mazel Tov. |Siman Tov. | Siman Tov Mazel Tov. | Simon Tov.| Golden Scroll Soloists ,,
ameecleaning.com,Amee Cleaning,,Amee Cleaning | Amee Cleaning Janitorial Services,,
reeleminbaitandtackle.com,Reel 'Em In Bait & Tackle,,Reel 'Em In Bait & Tackle,,
bostonzen.org,Greater Boston Zen Center,GREATER BOSTON ZEN CENTER INC., GREATER BOSTON ZEN CENTER INC.|Greater Boston Zen Center | Boston Zen ,,
crawfordproduction.com,Crawford Production,,Crawford Production,,
bluemercury.com,Bluemercury,Bluemercury Inc.,Bluemercury | Bluemercury Inc.,,
myfocuspsych.com,My Focus Psychology,GoodWays Consulting Group LLC.,My Focus Psychology | GoodWays Consulting Group LLC.,,
tornadobaseball.com,Tornado Baseball Tarining,, Tornado Baseball|Tornado Baseball Tarining ,,
lodgelivin.com,LodgeLivin,,LodgeLivin,,
ravenshire-llc.com,Ravenshire LLC.,Ravenshire LLC.,Ravenshire LLC.,,
buchanan-edwards.online,Buchanan-edwards.online,,Buchanan-edwards.online,,
galleongc.com,Galleon contracting,"Galleon Contracting, LLC","Galleon contracting | Galleon Contracting, LLC"
openairchair.com,Open Air Chair Repair,,Open Air Chair Repair | Open Air Chair,,
loudandclaire.com,Loud and Claire,, Vida Health Inc.|Loud and Claire | Loud and Claire Voiceover ,,
cancersupportdelaware.org,Cancer Support Community Delaware,,Cancer Support Community Delaware | Cancer Support Community| Cancer Support Group ,,
vpropertysolutions.com,Vantage Property Solutions LLC.,Vantage Property Solutions LLC., Vantage Property Solutions|Vantage Property Solutions LLC. ,,
liveatmontclairapt.com,The Michaels Organization,,The Michaels Organization,,
hallmemphis.org,Minglewood Hall Tickets,,Minglewood Hall Tickets,,
ogcut.com,OG Barber,,OG Barber,,
17thstreetthaisushifl.com,17th Street Thai Sushi,, 17th St Thai sushi 17th Street Thai sushi|17th Street Thai Sushi ,,
imperiumstrategiesllc.com,Imperium Public Strategies,Imperium Public Strategies LLC.,Imperium Public Strategies | Imperium Public Strategies LLC.,,
christinereidphotography.com,Christine Reid Photography,,Christine Reid Photography | Christine Reid | Christine Reid Princ,,
lisinoprilfst.com,LisinoprilFST,,LisinoprilFST,,
imageworksdirect.com,Image Works,Image Works Ltd., Image.works Inc.|Image Works | Image.works financial | Image Works Ltd. ,,
sushirawsf.com,Sushi Raw 4,,Sushi Raw 4 | Sushi Raw,,
royalinvestmentgroupinc.com,ROYAL INVESTMENT GROUP INC.,ROYAL INVESTMENT GROUP INC.,ROYAL INVESTMENT GROUP INC.,,
rjssigns.com,RJ's Signs,RJ's Signs & Designs LLC., RJ's Signs & Designs LLC.|RJ's Signs ,,
kathrynanndesigns.com,Kathryn Ann Designs,SpitFire Petite Inc.,Kathryn Ann Designs | SpitFire Petite Inc.,,
1vandegraaff.com,1 Van de Graaff,, Van de Graaff|1 Van de Graaff ,,
grpinsurance.com,Global Risk Partners Insurance,Global Risk Partners LLC.,GRP Insurance | Risk Partners LLC. | Global Risk Partners Insurance | Global Risk Partners LLC. | Global Risk Partners,,
allcleanhomes.com,All Clean Homes,,All Clean Homes,,
pd2llc.com,Process Design Development,,Process Design Development,,
michaelskuceradentistry.com,Jill Michaels Dds,,Jill Michaels Dds,,
tangles-salon.com,Tangles-salon,,Tangles-salon,,
spynewsletter.com,Spy Newsletter,,Spy Newsletter,,
highbrow-beauty.com,Permanent Makeup Skin by Tasia,,Permanent Makeup Skin by Tasia,,
logansquarelaundry.com,Logan Square Laundry,,Logan Square Laundry,,
fortcollinsshowerdoor.com,Fort Collins Shower Door,,Fort Collins Shower Door,,
cahabacreative.com,Cahaba Creative Web Solutions,Cahaba Creative Web Solutions & Graphic Designs LLC., Cahaba Creative Web Solutions & Graphic Designs LLC.| Cahaba Creative |Cahaba Creative Web Solutions ,,
roland4fairview.com,ROLAND FELDMAN,,ROLAND FELDMAN,,
dentaltalentnow.com,Dental Talent Now,Dental Talent Now LLC., Elite Sourcer LLC. | Armatic Inc.| Dental Talent Now LLC. |Dental Talent Now ,,
msconfinance.com,Ms. Confinance,,Ms. Confinance,,
studiobsalon.net,Studio B Salon,,Studio B Salon,,
lineoftecnologia.com,Line Of Tecnologia,,Line Of Tecnologia,,
valezio.com,Valezio,,Valezio,,
wombatworks.org,Wombat Works,Wombat Works LLC., Wombat Works LLC.|Wombat Works ,,
enigomusic.com,Enigo,,Enigo,,
muhlbauerlab.com,Muhlbauer Dermatopathology,,Muhlbauer Dermatopathology | Muhlbauer Dermatopathology Lab,,
jackjewelryinc.com,Jack Jewelry,,Jack Jewelry,,
garrettwietholter.com,Garrett Wietholter,Garrett Wietholter Ins Agy Inc.,Garrett Wietholter | Garrett Wietholter Ins Agy Inc.| Garrett Wietholter - State Farm Insurance Agent ,,
happydaycreations.net,Happy Day Creations,Happy Day Creations LLC., Happy Day Creations LLC.|Happy Day Creations ,,
gallerycollage.com,Gallery Collage,,Gallery Collage,,
mogreenway.com,Greenway Magazine,Kansas City Cannabis Co., Greenway Media |Greenway Magazine | Kansas City Cannabis Co.,,
gambittechconsulting.com,Gambit TC,,Gambit TC | GAMBIT TECHNOLOGY CONSULTING,,
cifsds.org,CIF San Diego Section,,CIF San Diego Section,,
shakeprosolutions.com,SHAKE PRO SOLUTIONS LLC.,SHAKE PRO SOLUTIONS LLC.,SHAKE PRO SOLUTIONS LLC. | Shake PRO Solutions,,
fineartsbiz.com,FineArtsBiz,, Fine Mata Ortiz Ceramics|FineArtsBiz ,,
creativehealthplans.com,Creative Health Plans,,Creative Health Plans,,
mbcollegeguidance.com,Mbcollegeguidance,,Mbcollegeguidance,,
designedbycarla.com,Designedbycarla,, Designedbycarla Marketing Agency|Designedbycarla ,,
carpetworkshopofohio.com,Carpet Workshop of Ohio,, The Carpet Workshop of Ohio|Carpet Workshop of Ohio ,,
hawaii432.com,Lae Nani 432,,Lae Nani 432 | Enchanting Lae Nani Condo,,
dafacargo.com,DAFA CARGO,DAFA CARGO LLC., DAFA CARGO LLC. |DAFA CARGO | DAFA LOGISTICS LLC.,,
winecheeseandfivemoreminutes.com,Wine Cheese and Five more Minutes,,Wine Cheese and Five more Minutes | Wine Cheese,,
yokohamayakitorikoubou.com,Yokohama Yakitori Koubou,,Yokohama Yakitori Koubou,,
stitchncluck.com,Stitch and Cluck,,Stitch and Cluck,,
ngchm.net,NG-CHM,, NG-CHMs|NG-CHM ,,
wilkins-grocery.edan.io,Wilkins Grocery,,Wilkins Grocery,,
alpha-research-associates-research-institute.business.site,Alpha Research Associates,Alpha Research Associates Research Institute,Alpha Research Associates | Alpha Research Associates Research Institute,,
johnsoncreekrvresort.com,Johnson Creek RV Resort,, Johnson Creek RV Resort & Park|Johnson Creek RV Resort ,,
kns-construction.com,KNS Construction,,KNS Construction,,
artandglamstudio.com,Art Glam Studio,Art & Glam Studio LLC., Art & Glam Studio LLC. | Glam Studio LLC.|Art Glam Studio ,,
uomosport.com,Uomo Sport,,Uomo Sport,,
apollostreams.com,Apollo Streams,Apollo Streams Inc.,Apollo Streams | Apollo Streams Inc.,,
interstatetruck.com,Interstate Truck Equipment Inc.,Interstate Truck Equipment Inc., Interstate Truck & Auto Svc. | Interstate Truck|Interstate Truck Equipment Inc. | Interstate Truck Equipment ,,
completecaredevelopmentcenter.com,Complete Care Development Center LLC.,Complete Care Development Center LLC., Complete Care Develo|Complete Care Development Center LLC. | Complete Care Development Center ,,
amfaviation.com,AMF Aviation,AMF Aviation LLC.,AMF Aviation | AMF Aviation LLC.,,
satyasilence.com,Satya Silence,,Satya Silence,,
cumberland-river.com,Cumberland River,,Cumberland River,,
thephotoboothunlimited.com,PhotoBooth Unlimited,PhotoBooth Unlimited LLC., Thephotoboothunlimited|PhotoBooth Unlimited | PhotoBooth Unlimited LLC. ,,
drtompastor.com,Dr. Tom Pastor,Pinnacle Chiropractic Inc.,Dr. Tom Pastor | Pinnacle Chiropractic Inc.,,
cheftea.com,Chef Tea,,Chef Tea,,
assemblyninja.com,Assembly ninjas,,Assembly ninjas,,
familyintimacy.com,Family Intimacy,Family Intimacy PLLC, Home for Family Intimacy PLLC| Family Intimacy PLLC |Family Intimacy ,,
rollmanconyers.com,ROLLMAN & CONYERS LLC.,ROLLMAN & CONYERS LLC.,ROLLMAN & CONYERS LLC. | ROLLMAN CONYERS L | ROLLMAN &amp CONYERS LLC.| ROLLMAN & CONYERS ,,
asuzus.com,Asuzus,,Asuzus,,
centurywebdesign.net,Century Web Design,,Century Web Design,,
totalseal.com,Total Seal Piston Rings,Total Seal Inc., Total Seal Inc.|Total Seal Piston Rings | Total Seal ,,
rivertownslp.com,Rivertowns Speech an,,Rivertowns Speech an | Rivertowns Speech and Language Therapy | Rivertowns Speech and Language | RIVERTOWN SPEECH AND LANGUAGE THERAPY,,
valleymedicalinstitute.com,Valley Medical Institute,Valley Medical Institute, Valley Medical|Valley Medical Institute ,,
balancedwellnessami.com,Balanced Wellness,,Balanced Wellness,,
globaltrustbnk.com,Global Trust Bank,,Global Trust Bank,,
wordofgodokc.com,Word of God Church OKC,,Word of God Church OKC | The Word of God Church| Word of God Church ,,
bigtransformerbushings.com,Big Transformer Bushings,,Big Transformer Bushings,,
beehivebargains.com,Beehive Bargains,,Beehive Bargains,,
coastaldefense.business.site,Coastal Defense LLC.,Coastal Defense LLC.,Coastal Defense LLC. | Coastal Defense,,
webranium.co.uk,Webranium,,Webranium,,
statelinekids.com,Stateline Kids,,Stateline Kids,,
rustyskate.com,Rusty Skate,Rusty Skate - Broken Jar LLC., Broken Jar LLC.|Rusty Skate | Rusty Skate - Broken Jar LLC. ,,
hypnosishealthworks.com,Nancy Epstein Hypnosis HealthWorks,Joy Beland LA IT GIRL LLC.,Nancy Epstein Hypnosis HealthWorks | Joy Beland LA IT GIRL LLC.| Hypnosis HealthWorks ,,
melatee.com,Melatee,,Melatee,,
sheetmetallocal399.com,Sheet Metal Workers International Association Local 399,Sheet Metal Workers Union, Sheet Metal Workers Union|Sheet Metal Workers International Association Local 399 ,,
limitlesscounselingservices.com,Limitless Counseling Services,,Limitless Counseling Services,,
ncca-inc.com,Cloggers Association Inc.,Cloggers Association Inc.,Cloggers Association Inc. | Northern California Cloggers Association Inc. | California Cloggers Association Inc.,,
scottsbluffcountyscanner.com,Scotts Bluff County Scanner,,Scotts Bluff County Scanner | Bluff County,,
sofloweb.com,SoFloWeb,,SoFloWeb,,
themarketinggroupaz.com,Themarketinggroupaz,, The Marketing Group|Themarketinggroupaz ,,
karrgroupco.com,Karrgroupco,Platinum Energy USA LLC.,Karrgroupco | Karr Group | Platinum Energy USA LLC.,,
busiup.com,BusiUp,,BusiUp,,
riolentoranch.com,Rio Lento Ranch,,Rio Lento Ranch,,
castor-group.com,Castor Group LLC.,Castor Group LLC.,Castor Group LLC. | Castor Group,,
focusmedicalbillingservices.com,Focus Medical Billing Services,Focus Medical Billing Svc. Llc,Focus Medical Billing Services | Focus Medical Billing Svc. Llc,,
hightechautoservicesantamonica.com,High Tech Auto Service,,High Tech Auto Service | High Tech Auto Service Santa Monica,,
brilliantcityreiki.com,Brilliantcityreiki,,Brilliantcityreiki | Brilliant City,,
archaeology.virginia.edu,Interdisciplinary Archaeology Program,European exploration. SHA., European exploration. SHA. | Archaeology SAA.|Interdisciplinary Archaeology Program | Archaeology ,,
sanchez-lawn-care-and-landscaping-services.business.site,Sanchez Lawn Care and Landscaping Services,, Sanchez lawn care|Sanchez Lawn Care and Landscaping Services | Sanchez Lawn Care & Landscaping Services - Home ,,
castoreclothing.com,Castoreclothing,,Castoreclothing,,
theblueprintshop.com,The Blueprint Shop LLC.,The Blueprint Shop LLC., The Blueprint Shop |The Blueprint Shop LLC. | Blueprint Shop,,
johnstons-clothiers.business.site,Johnston's Clothiers,,Johnston's Clothiers,,
angelabrite.com,Angela Brite,Paralegal Certification Corp,Angela Brite | Paralegal Certification Corp,,
worldsframedbywords.com,Worlds Framed By Words,, Worlds Framed By|Worlds Framed By Words ,,
woodstocklodge246.org,Woodstock Masonic Lodge 246,,Woodstock Masonic Lodge 246 | Woodstock Masonic Lodge,,
bigdiamondpools.com,Big Diamond Pools,,Big Diamond Pools,,
lalupitaberwyn.net,La Lupita,,La Lupita,,
neomedia-dg.com,Neomedia Design Group,,Neomedia Design Group | Neomedia Design Group - Home,,
hillcreststoragetn.com,Hillcrest Storage,,Hillcrest Storage,,
nsea.org,NE State Education NSEA,,NE State Education NSEA | Nsea Voice| NSEA ,,
mrsbecerra.com,Mrs. Becerra,, Mrs. Becerra's Class|Mrs. Becerra ,,
mahoganyvacations.com,MAHOGANY VACATIONS,,MAHOGANY VACATIONS,,
thedoorse.com,The Door Southeast San Antonio,,The Door Southeast San Antonio,,
rvcoc.org,River Vallet Community Outreach Center,,River Vallet Community Outreach Center | River Valley Community Outreach Center,,
hericonstructionllc.com,Heri Construction,,Heri Construction,,
sullivanswcd.org,Sullivan County Soil Water Conservation District,, Sullivan County Soil & Water|Sullivan County Soil Water Conservation District ,,
vickcarneylaw.com,Vick Carney,Vick Carney LLP., Vick Carney LLP.|Vick Carney ,,
lequedagua.com,Lequedagua,Cbd Oilrank Inc., Cbd Oilrank Inc.|Lequedagua ,,
bintiboutique.llc,Binti Boutique,,Binti Boutique,,
briggsmobiledetailing.com,Briggs Mobile Detailing,,Briggs Mobile Detailing,,
homeworkninjas.com,Homework Ninjas,,Homework Ninjas,,
d30ufu6vr9yoyg.cloudfront.net,Wartburg College,,Wartburg College,,
maddux.pro,MADDUX,,MADDUX | MADDUX Pro-Wash,,
timhalberg.com,Tim Halberg,, Tim Halberg Timhalberg|Tim Halberg | Yosemite Wedding Photographer Tim Halberg ,,
rhcapco.com,R-H Capital Partners,,R-H Capital Partners | RH Capital,,
mytomisushi.com,Tomi Sushi,,Tomi Sushi,,
drrudlin.com,Dr. Rudlin,,Dr. Rudlin,,
tambasamba.design,Tamba Samba,,Tamba Samba,,
ordercrustandbuns.com,Crust & Buns,,Crust & Buns,,
figlass.biz,FIglass,,FIglass,,
perspicacitylabs.com,Perspicacity Labs,Perspicacity Labs LLC., Perspicacity Labs LLC.|Perspicacity Labs ,,
oceancurrent.com,Ocean Current,,Ocean Current,,
hangtownkc.org,Hangtown Kennel Club,,Hangtown Kennel Club,,
oneforallartists.com,One For All,, One for All Artists|One For All ,,
phalanxgrpservices.org,Phalanx Family Services,,Phalanx Family Services | Phalanxfamilyservice,,
tevisdenise.com,Tevis Denise,, TEVIS DENISE Realtor|Tevis Denise ,,
diecutstickers.com,Die Cut Stickers,Medford Technologies Inc., Medford Technologies Inc.|Die Cut Stickers ,,
smensclub.org,Senior Men's Club,E-mail Trustee, E-mail Trustee|Senior Men's Club | Smensclub ,,
jmbusinesspartners.com,JM Business Partners,JM Business Partners LLC.,JM Business Partners | JM Business Partners LLC.,,
usconstructgroup.com,US Construct Group,US Construction Group Inc., US Construction Group| US Construction Group Inc. |US Construct Group ,,
1stamc.com,1st American Mortgage Corporation,1st American Mortgage Corporation,1st American Mortgage Corporation,,
108production.com,108 PRODUCTION,ANM Global Inc., ANM Global Inc.|108 PRODUCTION ,,
rmiflooring.com,RM Interiors,RM Interiors LLC., RM Interiors LLC. | RM Interiors & Design|RM Interiors ,,
brian-hollenbeck.com,Brian Robert Hollenbeck,,Brian Robert Hollenbeck | Brian hollenbeck | Video Update Inc.,,
onsa.net,Oregon Neighborhood Store Association,Oregon Neighborhood Store Association, ONSA|Oregon Neighborhood Store Association ,,
realtorhsu.net,Christine Hsu REALTOR®,,Christine Hsu REALTOR®,,
oldtraditiontattoo.com,OLD TRADITION TATTOO,, Old Tradition Tattoo - Home|OLD TRADITION TATTOO ,,
hellorichmond.net,HelloRichmond,,HelloRichmond,,
ergoactives.com,Ergoactives,Ergoactives Llc.,Ergoactives | Ergoactives Llc.,,
millarandsons.net,Millar and Sons Inc.,Millar and Sons Inc.,Millar and Sons Inc. | Millar and Sons,,
beautifulbodybabes.com,Beautiful Body Babes,,Beautiful Body Babes,,
nationalcarousels158.com,National Carousels,,National Carousels,,
xpressbenefits.net,Xpress Benefits,,Xpress Benefits,,
floraottimer.com,Flora Ottimer,Flora Ottimer LLC.,Flora Ottimer | Flora Ottimer Children's Boutique | Pandawear Corp.| Flora Ottimer LLC. ,,
curtistaylorart.com,Curtis Taylor,,Curtis Taylor | Curtis Taylor | Guitarist,,
sagacitystays.com,Sagacity Stays,Ssgacity Stays LLC., Ssgacity Stays LLC.|Sagacity Stays ,,
pastashopfresh.com,Pasta Shop Wholesale,, The Pasta Shop|Pasta Shop Wholesale ,,
hueboost.com,Hue Boost,Hue Boost LLC.,Hue Boost | Hue Boost LLC.,,
torget.org,Torget,,Torget,,
infinitiofsouthatlanta.com,INFINITI of SOUTH,,INFINITI of SOUTH | INFINITI of SOUTH ATLANTA,,
smilesbygateway.com,Gateway Dental,,Gateway Dental,,
acornlawpc.com,Acorn Law P.C.,Acorn Law P.C., Acorn Law |Acorn Law P.C. | Acorn Law P,,
greenbikerentals.com,Green Bike Rentals,,Green Bike Rentals | Green Bike,,
topbricole.site,Topbricole,,Topbricole,,
mrdurant.weebly.com,Mr. Durant Science,,Mr. Durant Science | Mr. Durant,,
gametableadventures.com,Game Table Adventures,GAME TABLE ADVENTURES LLC.,Game Table Adventures | GAME TABLE ADVENTURES LLC.,,
americanguardrailsupply.com,American Guardrail Supply,, American GuardRail| American GuardRail Supply American Guard Rail Supply |American Guardrail Supply ,,
borderwarswrestling.com,Border Wars Wrestling,, Border Wars|Border Wars Wrestling ,,
carrettausa.com,Carretta USA,Carretta USA Inc.,Carretta USA | Carretta USA Inc.,,
smv-inc.com,SMV Consulting Sevices,Smv Consulting Inc., Smv Consulting Inc.|SMV Consulting Sevices ,,
hotlink2019.com,HOTLINK2019,,HOTLINK2019,,
greggardnersbarbershop.com,Greg Gardner's Barber Shop,,Greg Gardner's Barber Shop | Gardner's Barber | Greg Gardner Barber | Gardner's Barber Shop,,
teambuildergroup.com,Team Builder Group,Team Builder Group LLC., Team Builder | Team Builder Group | Team Builder Group LLC. | Team Builder Space Inc.| Team Builder Space Limited |Team Builder Academy ,,
jettbt.com,JETT Business Technology,, UniSys Corporation|JETT Business Technology ,,
sapphiresleepovers.squarespace.com,SapphireSleepovers Philipsburg Montana,SapphireSleepovers LLC., SapphireSleepovers |SapphireSleepovers Philipsburg Montana | SapphireSleepovers LLC.,,
smallislandent.com,Small Island Services,,Small Island Services,,
lgcountryschool.com,Long Grove Country School,, Long Grove Country School - LGCS|Long Grove Country School ,,
elegantdjservices.com,Elegant Dj Services,,Elegant Dj Services,,
bettygb.com,Bettendorf Youth Girls Basketball,,Bettendorf Youth Girls Basketball,,
troychurch.net,Troy Church,,Troy Church | TroyChurchofC,,
sben.org,Southeast Benefits Education Network,, SBEN|Southeast Benefits Education Network | Southeast Benefits Education ,,
miqrotech.com,mIQrotech,,mIQrotech,,
moorecapitalservices.net,Moore Capital Services,,Moore Capital Services,,
frenchlakeautoparts.com,French Lake Auto Parts Inc.,French Lake Auto Parts Inc., French Lake Auto Parts|French Lake Auto Parts Inc. ,,
abbevillecalendar.com,Abbeville Calendar,,Abbeville Calendar,,
virtekcompany.com,VIRTEK COMPANY,VIRTEK COMPANY,VIRTEK COMPANY | Virtek,,
shah-impex.com,Shah Impex,,Shah Impex | Shah-Impex ShahImpex,,
hairdesigners-hairsalon.business.site,Hair Designers Hair Salon,, Hair Designers|Hair Designers Hair Salon ,,
stewartgrain.com,Stewart Grain,Stewart Grain Co.,Stewart Grain | Stewart Grain Co. | Stewart Grain Co. Inc.,,
mannexcavating.com,Mann Excavating,Mann Excavating Inc., Mann Excavating Inc.|Mann Excavating ,,
greenissue.eu,Greenissue,,Greenissue,,
beezneedz.com,Beez Needz,, Beez Needz Beekeeping Supplies|Beez Needz ,,
charlesmann-contracting.com,Charles Mann Contracting,,Charles Mann Contracting,,
hollytreeservice.net,Holly Tree Service. Inc.,Holly Tree Service. Inc.,Holly Tree Service. Inc. | Holly Tree Service,,
crestonhousefl.com,Creston House,,Creston House | Creston House Rental Office,,
creativitythroughconstraints.com,Monterusso Made,,Monterusso Made,,
forrestpierce.com,Forrest Pierce Composer,,Forrest Pierce Composer | Forrest Pierce,,
ohanaconsulting.net,Ohana Management Consulting,,Ohana Management Consulting | OhanaConsulting,,
auroratechservices.com,Aurora Technical Services,Aurora Technical Services LLC.,Aurora Technical Services | Mosquito Misting Systems Llc| Aurora Technical Services LLC. ,,
annatietzhomes.com,Anna Tietz,,Anna Tietz,,
techbarstore.com,Ambar Shop,,Ambar Shop,,
solarecon.wordpress.com,Solarecon,, First Solar Inc. | Solar Inc.|Solarecon ,,
tamalpaistaichi.com,Tamalpais T'ai Chi,, Tamalpais T'ai Chi Ch'uan|Tamalpais T'ai Chi ,,
advancenetsupport.com,Advance Network Support,ADVANCE NETWORK SUPPORT INC,Advance Network Support | ADVANCE NETWORK SUPPORT INC,,
sharonkinghoge.com,Sharon King Hoge,,Sharon King Hoge,,
signaturesportsurfaces.com,Signature Sport Surfaces,,Signature Sport Surfaces,,
bettoli.realtor,Bettoli Real Estate,Bettoli Real Estate LLC., Bettoli Real Estate LLC.|Bettoli Real Estate | Bettoli ,,
chugiak.org,Chugiak-Eagle River Senior Center,Chugiak Senior Citizens Inc.,Chugiak-Eagle River Senior Center | Chugiak Senior Housing Inc.| Chugiak Senior Citizens Inc. | Chugiak Senior Citiz ,,
potomaccanine.com,Potomac Canine,, Potomac Canine Services|Potomac Canine ,,
dorsettchapel.org,Dorsett Chapel,,Dorsett Chapel | Dorsett Chapel UCC,,
thatpaintgirl.com,That Paint Girl,, That Paint|That Paint Girl ,,
mysavagenails.love,My Savage Nails,,My Savage Nails,,
jbdecker.com,JB Decker,,JB Decker,,
returndeals.net,Returns Deals Inc. | Wholesalers liquidator | Sell Your Inventory,Return Deals Inc., Returns Deals Inc.| Return Deals | Sell Your Inventory | Return Deals at Return Deals |Return Deals Inc. | Returns Deals Inc. | Wholesalers liquidator ,,
kccashbuyer.com,KC Cash Buyer,,KC Cash Buyer,,
amplifiedconcepts.com,Amplified Concepts,,Amplified Concepts,,
bellevueisd.org,Bellevue Independent School District,, Bellevue ISD | Bellevue High School|Bellevue Independent School District ,,
timemusicgroupnyc.com,Time Music Group,TIME MUSIC GROUP LLC., TIME MUSIC GROUP LLC.|Time Music Group ,,
starcomconsulting.com,Starcom Consulting,Starcom Consulting Inc., Starcom Consulting Inc.| Starcom |Starcom Consulting ,,
latinoyouthoutreach.org,Latino Youth Outreach,,Latino Youth Outreach,,
getranx.com,Getranx,,Getranx,,
skinnerdaylilies.com,Skinner Daylilies,,Skinner Daylilies,,
slrslingshotrentals.com,Slrslingshotrentals,,Slrslingshotrentals | SLR Slingshot rental,,
clovercutsandcolor.com,Clovercutsandcolor,,Clovercutsandcolor,,
fake.com,fakeCommercialName,fakeLegalName,,fakePhone01234,
jshs-tn.utk.edu,Tennessee Junior Science and Humanities Symposium,,Tennessee Junior Science and Humanities Symposium,,
gov.aiogoconsultingllc.com,All-in-One Global Consulting,All-in-One Global Consulting LLC., Global Consulting LLC.| All-in-One Global Consulting |WHY PARTNER WITH ALL-IN-ONE GLOBAL CONSULTING LLC. | All-in-One Global Consulting LLC. | ll-in-One Global Consulting LLC. | WHY WORK WITH ALL-IN-ONE GLOBAL CONSULTING LLC. ,,
pinilishalpern.com,PinilisHalpern,PinilisHalpern LLP., PinilisHalpern LLP. | Blair Road Realty Holdings LLC.|PinilisHalpern ,,
divinemomentsdaycare.com,Divine Miniature Moments,, Divine Miniature Mom|Divine Miniature Moments ,,
powersfamilymedicine.com,Powers Family Medicine,Powers Family Medicine pllc., Powers Medical|Powers Family Medicine | Powers Family Medicine pllc. ,,
bubongstore.com,Bubong Store,Covalent Softwares Pvt. Ltd., Covalent Softwares Pvt. Ltd. | Ethics Exports Pvt. Ltd.|Bubong Store ,,
dewingscenter.org,Dewings Center,,Dewings Center | The Dewings Center,,
marinbaroque.org,Marin Baroque,,Marin Baroque,,
rebeccathebadass.com,Rebecca Keating - Life Coach,,Rebecca Keating - Life Coach | Rebecca Keating,,
htiyos.com,Htiyos,,Htiyos,,
tefftfoundation.com,Tefft Foundation,,Tefft Foundation,,
rgaineswebdevelopment.com,RGaines Web Development,,RGaines Web Development,,
avonnylocksmith.com,Avon New York Locksmith,,Avon New York Locksmith,,
crazypokemiami.com,Crazy Poke Wynwood,, Crazy Poke | Crazy Poke Miami|Crazy Poke Wynwood ,,
lemongrassmichigan.com,Lemon Grass Thai Restaurant,,Lemon Grass Thai Restaurant,,
hillartistry.com,Hill Artistry,, Hill Artistry 360.926.8426|Hill Artistry ,,
velabrand.com,VELA brand,,VELA brand | Velabrandco,,
lesliehaywood-moore.online,Leslie Haywood-Moore,Moore Real Estate Co., Moore Real Estate Co.|Leslie Haywood-Moore ,,
scentvillage.com,Scent Village,,Scent Village,,
cryptonewsupdate.com,Crypto News Update,, Cryptox|Crypto News Update ,,
gygeneralservices.business.site,G&Y GeneralWashServices Corp.,G&Y GeneralWashServices Corp.,G&Y GeneralWashServices Corp.,,
internationalmediasupply.com,International Media Supply,International Media Supply LLC., International Media Supply LLC.|International Media Supply ,,
biodyn-lifesciences.com,BioDyn Lifesciences,BioDyn Lifesciences Inc., Lifesciences Inc.|BioDyn Lifesciences | BioDyn Lifesciences Inc. ,,
cenladerm.com,Cenla Dermatology,,Cenla Dermatology | CenLaDerm,,
buryservices.com,Bury Services,,Bury Services,,
sgdesignshouston.com,SG Designs Houston,,SG Designs Houston,,
peacefulwolftaichi.com,Peaceful Wolf Tai,,Peaceful Wolf Tai | Peaceful Wolf T'Ai Chi Ch'uan,,
timberwoodofnaples.org,Timberwood of Naples,,Timberwood of Naples | Timberwood,,
phack.org,Pacific Hackers Infosec,,Pacific Hackers Infosec | Pacific Hackers Meetup & Conference| Pacific Hackers Infosec Conference ,,
gamepcfull.com,Game PC Full,, Game PC.|Game PC Full ,,
jsdagency.com,JSD Agency,Jump Start Digital LLC., Jump Start Digital LLC.|JSD Agency ,,
schoi.mit.edu,Soonwon Choi,,Soonwon Choi,,
marketing-page-lindsey.vercel.app,LifeGPA LLC.,LifeGPA LLC., LifeGPA|LifeGPA LLC. ,,
mazalai.com,Mazalai,Mazalai Corp, Mazalai Corp|Mazalai ,,
cloudspeed24x7.com,CLOUDSPEED24X7,,CLOUDSPEED24X7,,
innovativeinstruction.org,Innovative Instructional Solutions,Innovative Instructional Solutions LLC., Innovative Instructional |Innovative Instructional Solutions | Instructional Solutions LLC.| Innovative Instructional Solutions LLC. ,,
lealvideoproductions.com,Leal Video Productions,,Leal Video Productions,,
kourco.com,KourCo,Kourco Environmental Services Inc.,KourCo | Kourco Environmental Services Inc.,,
trusted-home-inspection.business.site,Trusted Home Inspection,,Trusted Home Inspection,,
justgooglebenhiggins.com,Ben Higgins,,Ben Higgins,,
indiyoung.com,Indi Young,,Indi Young,,
boyettrecovery.com,Boyett Treatment Center,,Boyett Treatment Center,,
jaredshavelson.com,Jared Shavelson,,Jared Shavelson,,
montereypeninsulaelderlyhome.com,Monterey Peninsula Board Care,,Monterey Peninsula Board Care | Montery Peninsula,,
bathpeople.com,Bath People,,Bath People,,
trueaudio.com,True Audio,,True Audio,,
rightstudents.org,RightStudent,,RightStudent | RightStudent's,,
myzerly.com,Designer Notable ZURB Inc.,Designer Notable ZURB Inc.,Designer Notable ZURB Inc.,,
vitalaehealingarts.com,Vitalae Healing Arts,, Vitalae Healing|Vitalae Healing Arts ,,
tlalocrivas.com,Tlaloc Rivas,,Tlaloc Rivas,,
periogel.net,Perio Gel,,Perio Gel | Perio Gel Sales,,
antiochassistedliving.com,The Residences Antioch,,The Residences Antioch,,
deepdivecounseling.net,Deep Dive Counseling LLC.,Deep Dive Counseling LLC., Deep Dive Counseling|Deep Dive Counseling LLC. ,,
pioneerpropertydevelopment.com,Pioneer Property Development,Pioneer Property Development LLC., Pioneer Property Development LLC.|Pioneer Property Development ,,
thebeautyteam.com,THE BEAUTY TEAM LLC.,THE BEAUTY TEAM LLC., The Beauty Team Inc. |THE BEAUTY TEAM LLC. | THE BEAUTY TEAM,,
allyourblogging.com,APENFT,,APENFT,,
dablawoffice.com,Dombrowski Aveni & Bunnell,, Office of Dombrowski Aveni & Bunnell|Dombrowski Aveni & Bunnell ,,
avdtechnologies.com,AVD Technologies,, AVD|AVD Technologies ,,
d-l-roofing-and-construction-llc.business.site,D & L Roofing and Construction LLC.,D & L Roofing and Construction LLC., D & L Roofing and Construction|D & L Roofing and Construction LLC. ,,
liketelevision.com,LikeTelevision,LikeTelevision™ Inc., 1999-2012 LikeTelevision™ Inc.| LikeTelevisionTM Inc. |LikeTelevision | LikeTelevision™ Inc. ,,
lonepeakdoodles.com,Lone Peak Doodles,,Lone Peak Doodles,,
carissahannumtherapy.com,Carissa.hannum.therapy,,Carissa.hannum.therapy,,
petexplain.com,PetExplain,,PetExplain,,
awlsnap.com,Awl Snap Leather Goods,Awl Snap LLC., Awl Snap | Awl Snap LLC.|Awl Snap Leather Goods ,,
bloggingforextrader.com,Forex Trader Blogging,,Forex Trader Blogging,,
forcht-law.com,Melan M Forcht Law Offices,, Law Office of Melan M. Forcht|Melan M Forcht Law Offices ,,
carriecrespo.com,Carrie Crespo,,Carrie Crespo,,
blazingstargrange.org,Blazing Star Grange,, Blazing Star Grange #71|Blazing Star Grange ,,
myacem.com,Corporate Event Management Inc.,Corporate Event Management Inc.,Corporate Event Management Inc. | ACEM INC.| Association & Corporate Event Management Services Inc. | Association & Corporate Event Management Inc. ,,
poocheshouseboutique.com,Pooches’ House,, Pooches' House Boutique|Pooches’ House ,,
rethinkingwealth.org,Rethinking Wealth,The Ron Blue Institute, The Ron Blue Institute|Rethinking Wealth ,,
ellen4wcsd.com,Re-Elect Ellen Minetto,, Committee to Elect Ellen Minetto|Re-Elect Ellen Minetto ,,
stickerdreams.com,Sticker Dreams,STICKERDREAMS LLC., STICKERDREAMS LLC.|Sticker Dreams ,,
kiplearningandactivitycenter.com,KIP Learning and Activity Center,, KIP Learning and Act|KIP Learning and Activity Center ,,
yogawithorly.com,Yoga with Orly,,Yoga with Orly,,
fayreconsulting.com,Fayreconsulting,,Fayreconsulting,,
nymphyacht.com,Nymph Yacht,,Nymph Yacht,,
amairportparking.com,AM Airport Parking,,AM Airport Parking,,
baxland.com,Baxland,,Baxland | Baxland Land Investing,,
itlogo.net,Itlogo,,Itlogo,,
lammrubenstone.com,Lamm Rubenstone,LAMM RUBENSTONE LLC., LAMM RUBENSTONE LLC.|Lamm Rubenstone ,,
astepabovemb.com,A Step Above Flooring,Step Above LLC., A Step Above Flooring - Home | Step Above LLC.|A Step Above Flooring ,,
airelibreavenue.com,AIRE LIBRE AVENUE,,AIRE LIBRE AVENUE,,
fine-art-construction.business.site,Fine art construction,,Fine art construction,,
nomadicbearproductions.com,Nomadic Bear,,Nomadic Bear | Nomadic Bear Productions,,
homesforsalescv.com,Laura Hannasch,,Laura Hannasch,,
studentvetinsurance.com,James Teague,,James Teague,,
pctouchservices.com,PC Touch Services,PC Touch Services Inc., PC Touch Services Inc. | Pc Touch Svc. Inc.|PC Touch Services ,,
myrtlebeach.city,Myrtle Beach City,,Myrtle Beach City | Myrtle Beach,,
yourvibrantnutrition.com,Vibrant Nutrition & Wellness LLC.,Vibrant Nutrition & Wellness LLC.,Vibrant Nutrition & Wellness LLC. | Vibrant Nutrition & Wellness,,
creativebusinessassociates.com,Creative Business Associates,,Creative Business Associates,,
truelifetx.org,TrueLifeTX,,TrueLifeTX,,
belanshion.com,Belanshion,,Belanshion,,
citycenterwaco.com,City Center Waco,,City Center Waco,,
centralcoastmd.com,Central Coast MD,,Central Coast MD,,
stpunited.org,St Paul's United Methodist,,St Paul's United Methodist,,
mottshay.com,Mott & Shay Inc.,Mott & Shay Inc.,Mott & Shay Inc. | Mott & Shay | Southern Land & Timber Consultants LLC.| Mott & Shay Consulting Foresters PLLC ,,
brynbachman.com,Bryn Bachman,,Bryn Bachman | Bryn Bachman Design,,
branchedoakmarina.com,Branched Oak Marina,, Branched Oak Lake Marina|Branched Oak Marina ,,
executivecarservicelax.com,Executive Car Service LAX,, Executive Car Service|Executive Car Service LAX ,,
nu-imagepainting.com,Nu Image Painting,, Nu-Image|Nu Image Painting ,,
themorvarid.com,Morvarid shop,,Morvarid shop,,
id44.com,ID44,,ID44 | Munden Medical DBA id44,,
seattlecandle.com,Seattle Candle Company,Seattle Candle Company,Seattle Candle Company,,
pestcontrolmodestoca.org,Superior Pest Control of Modesto,,Superior Pest Control of Modesto,,
highwaydistribution.net,HIGHWAY DISTRIBUTION,,HIGHWAY DISTRIBUTION,,
thermalpd.com,Thermal Process Development,,Thermal Process Development | Thermal Process,,
shoplakebuoy.com,LAKE BuOY,,LAKE BuOY,,
outervisionsdesign.com,Outer Visions Landscape Design,,Outer Visions Landscape Design,,
cotherix.com,Cotherix,Cotherix Inc., Cotherix Inc. | ctelion Pharmaceuticals US Inc.|Cotherix ,,
finishingtouch.contractors,Finishing Touch,,Finishing Touch,,
sherricornett.com,Sherri Cornett,,Sherri Cornett,,
pinolevistareimagined.com,Village at Novato,,Village at Novato,,
redrhinomovers.com,Red Rhino Movers,,Red Rhino Movers,,
mlfcare.org,Morning Light Foundation,, Morninglight|Morning Light Foundation ,,
aristacons.com,Arista,,Arista,,
rollupdoorrepairnyc.com,Roll Up Door Repair,, Same Day Roll Up Door Repair|Roll Up Door Repair ,,
sweetadswebcast.com,Sweet Adelines International,,Sweet Adelines International,,
cdl-express.com,CDL Express Truck Rental,, Cdlexpressmn| CDL Express Truck |CDL Express Truck Rental | CDL Express ,,
lassomd.com,Lasso MD,,Lasso MD,,
kkcger.com,Kkcger,,Kkcger,,
candybartending.com,Candy Bar Personal Bartending Services,,Candy Bar Personal Bartending Services,,
strivelacrosseacademy.com,Strive Lacrosse Academy,,Strive Lacrosse Academy,,
1laurellane.com,1 Laurel Lane,,1 Laurel Lane,,
plumbingbydlt.com,Plumbing by DLT,,Plumbing by DLT,,
maido-shimizuya.com,Programming Skill Professional Services,,Programming Skill Professional Services,,
workitstudio.com,Work It! Studio by WandaWoman,Forge Marketing & Management Pty., Forge Marketing & Management Pty.|Work It! Studio by WandaWoman | Work It! Studio ,,
skylinevisioncare.com,Skyline Vision Care,Walz-Tarkowski O.D., Walz-Tarkowski O.D.|Skyline Vision Care ,,
origingolf.com,Origin Golf,,Origin Golf,,
postmodern-strings.com,Postmodern Strings by Viol Consort,, PostModern Strings|Postmodern Strings by Viol Consort ,,
fightguard.net,Fight Guard Network,,Fight Guard Network | Fightguard,,
wellbaum-apiaries.business.site,Wellbaum Acres Apiaries,,Wellbaum Acres Apiaries,,
hometheatersystemgainesville.com,Swamp Rentals,,Swamp Rentals,,
exaintelligence.com,EXA Intelligence,,EXA Intelligence,,
tangodown.com,TangoDown,TangoDown Inc.,Vickers Tactical Carry Trigger VTCT-002 Gen. | TangoDown Inc. | Tango Down Llc| TangoDown | Vickers Tactical Carry Trigger VTCT-001 Gen. ,,
celebaesthetics.com,Celeb Aesthetics,, Celeb Aesthetics & Wellness|Celeb Aesthetics ,,
sustainableracine.org,BRP SC Johnson and Butter Buds Inc.,BRP SC Johnson and Butter Buds Inc.,BRP SC Johnson and Butter Buds Inc. | RSBN,,
audinashville.com,Audi Nashville Service Center,, Audi Nashville|Audi Nashville Service Center ,,
matthaynes.uk,Matt Haynes,,Matt Haynes,,
garagedoor-repair-waynenj.com,Garage Door Repair Wayne NJ,,Garage Door Repair Wayne NJ,,
graciejoplin.com,Gracie Humaitá Joplin,,Gracie Humaitá Joplin | Gracie Humaita Joplin Gracie Humaita | Gracie Joplin,,
globalonefinancialsolutions.com,Global One Financial Solutions,,Global One Financial Solutions,,
4v21.com,Amazing Online Offers,,Amazing Online Offers,,
graphicmontzter.com,Graphic Montzter,,Graphic Montzter,,
annarborhomesrealtor.com,Maura Rains,,Maura Rains,,
tic-texas.com,Texas Inpatient Consultants,, Texas Inpatient|Texas Inpatient Consultants ,,
godsministryfellowship.com,GODS MINISTRY,,GODS MINISTRY,,
alldolledupspabus.com,All Dolled Up Spa Bus LLC.,All Dolled Up Spa Bus LLC.,All Dolled Up Spa Bus LLC.,,
it10103.wordpress.com,It10103,,It10103,,
mingchienliang.com,Ming-Chien Liang,,Ming-Chien Liang | Ming-Chien,,
medicalcoatings.org,Medical coatings,,Medical coatings,,
newasianjuyuan.com,New Asian Ju Yuan,,New Asian Ju Yuan,,
blackdiamondregulatory.com,Black Diamond Regulatory,Black Diamond Regulatory Consulting LLC., Black Diamond Regulatory Consulting LLC. |Black Diamond Regulatory | Black Diamond Regulatory Consulting,,
laurafoxreel.com,LAURA FOX,,LAURA FOX,,
westtubingcompany.com,West Tubing Company,West Tubing Company,West Tubing Company | West Tubing,,
callunakennels.com,Calluna Kennels,,Calluna Kennels,,
cindywalker.com,Cindy Walker,,Cindy Walker,,
hearthstoneproperty.com,Hearthstone LIVE Property,, Hearthstone Property Services | Hearthstone| Hearthstone Property |Hearthstone LIVE Property ,,
samantharaiderbrown.com,Samantha Brown,,Samantha Brown | Samantharaiderbrown,,
singinglessonstemecula.com,Vivien Gaines Vocal Studio,, Vivien Gaines|Vivien Gaines Vocal Studio ,,
yroox.com,Yroox,,Yroox,,
janarose.us,Jana Rose,Jana Stewart LLC., Jana Stewart LLC.|Jana Rose ,,
deperevfw.net,De Pere VFW,, De Pere VFW Post|De Pere VFW ,,
patscrap.co.uk,Pats CRAP,,Pats CRAP,,
ambazoniafoundation.org,Ambazonia Foundation,Ambazonia Foundation Inc.,Ambazonia Foundation | Ambazonia Foundation Inc.,,
arisepca.com,Arise Presbyterian Church,,Arise Presbyterian Church,,
vipsmarthomes.com,VIP Smart Homes Inc.,VIP Smart Homes Inc., VIP Smart Homes|VIP Smart Homes Inc. ,,
wheeinc.com,Whee Inc.,Whee Inc.,Whee Inc. | Woodruff & Howe Environmental Engineering Inc.,,
colonsource.com,Colon Source,,Colon Source,,
citadelurban.com,Citadel Urban,,Citadel Urban,,
gforcefoundation.com,G-Force Foundation,High School EVHS in Gypsum CO.,G-Force Foundation | High School EVHS in Gypsum CO.,,
theneumannproject.com,The Neumann Project,,The Neumann Project,,
emergencyinternational.org,Emergency International,,Emergency International,,
nefsvt.com,Northeast Farm Services,Northeast Farm Services Inc.,Northeast Farm Service | Northeast Farm Services| Northeast Farm Services Inc. | Northeast Farm Sales & Service INC. | Northeast Farm Sales & Service | NEFS ,,
ohanacrm.com,Ohana CRM,,Ohana CRM,,
par1cleaners.business.site,Par1 Cleaners,,Par1 Cleaners,,
aesgoldmine.com,Advanced Exploration Solutions,,Advanced Exploration Solutions,,
azrielassetmgmt.com,Azriel Asset Management,,Azriel Asset Management,,
marinavillageharbor.com,Marina Village Yacht Harbor,,Marina Village Yacht Harbor,,
figureitoutagency.com,Figureitoutagency,,Figureitoutagency,,
scienceeducators.org,Science Educators,,Science Educators,,
designsbydjflorist.com,Designs by DJ,,Designs by DJ | Designs By,,
paynespringsumc.org,Payne Springs UMC,,Payne Springs UMC | PAYNE SPRINGS UNITED METHODIST CHURCH,,
putitontheglass.com,Put it on the Glass,,Put it on the Glass,,
kingfisherseo.com,Kingfisher SEO,,Kingfisher SEO,,
missinglnk.com,Missing Link,, Missing Link Motorcycle Apparel |Missing Link | Missing Ink| Missing L8nk ,,
morenohillssda.org,Moreno Hills SDA,, Moreno Hills Seventh-Day| Moreno Hills SDA Church |Moreno Hills SDA ,,
aestatix.com,Aestatix,AESTATIX LLC.,Aestatix | AESTATIX LLC.,,
badgertoyotalift.com,Badger Toyotalift,Badger Industrial Trucks Inc.,Badger Toyotalift | Badger Industrial Trucks Inc.,,
autobodiparts.com,Auto Body Parts,,Auto Body Parts | Autobodiparts,,
overlakecollie.com,Overlake Collie Club,, Overlake Collie| COLLIE CLUB OF WASHINGTON |Overlake Collie Club ,,
norconindustries.net,Norcon Industries,Norcon Industries Inc.,Norcon Industries | Norcon Industries Inc.,,
nationalcapitalfitday.com,Black Mold Busters,,Black Mold Busters,,
msjudithsewins.com,Fabulous Hair and Weave Salon,,Fabulous Hair and Weave Salon,,
jadynbags.com,Jadyn Bags,,Jadyn Bags,,
cadottfamilyrestaurant.com,Cadott Family Restaurant,,Cadott Family Restaurant | Cadott Family,,
coopster.org,Esk River NSW,,Esk River NSW,,
when2heartsbeatas1.org,When 2 Hearts Beat,,When 2 Hearts Beat | When 2 Hearts Beat as 1,,
thecheapghostwriter.com,THE CHEAP GHOSTWRITER,, Cheap Ghostwriter|THE CHEAP GHOSTWRITER ,,
ogawadesign.com,Ogawa Design Agency,, Ogawa Design |Ogawa Design Agency | Ogawa Designs,,
drrokh.com,Dr. Rokh,,Dr. Rokh,,
aroostooktechnologies.com,Aroostook Technologies,Aroostook Technologies Inc., Aroostook Technologies Inc.|Aroostook Technologies ,,
alibaba-kebab.com,Alibaba Kebab,,Alibaba Kebab,,
foreverepoxy.com,Forever Epoxy,,Forever Epoxy,,
tandoorrestaurants.com,Tandoor Indian Grill - Millcreek,,Tandoor Indian Grill - Millcreek,,
rpuma.org,River Park Utilities,River Park Utilities Management Association, River Park Utilities Management Association|River Park Utilities ,,
feltgoodmusic.com,Feltgood Music,, Feltgood|Feltgood Music ,,
howellci.com,Howell CI,,Howell CI | Howell Consulting & Investigation,,
oneononesc.com,One On One Fitness,One on One Fitness LLC.,One On One Fitness | One on One Fitness LLC.,,
philstreeppc.com,Phil's Expert,,Phil's Expert,,
semillacenter.org,Semilla Center,,Semilla Center,,
littleredfarmhousegifts.net,Little Red Farmhouse Gifts,,Little Red Farmhouse Gifts,,
whymessa.com,Why Messa,Why Messa & Associates P.C., ssa & Associates P.C.|Why Messa | Why Messa & Associates P.C. ,,
wwnboa.org,Winged Warriors Natl. B-Body,,Winged Warriors Natl. B-Body | NASCAR Street Classics Ltd.,,
blacknewengland.org,Black Heritage Trail of New Hampshire,,Black Heritage Trail of New Hampshire,,
philippineflowers.com,Philippineflowers,,Philippineflowers | Philippineflowers.c,,
imcl-conference.org,IMCL conference,,IMCL conference,,
kikimo.com,Kikimo Incorporated.,Kikimo Incorporated.,Kikimo Incorporated. | Kikimo Inc.,,
takapartners.com,Taka Partners,,Taka Partners,,
uniqueservices.us,Unique Services and Bounce palace,,Unique Services and Bounce palace | Unique Services,,
motherssoontobe.com,Mothers Soon To,,Mothers Soon To,,
successoilco.com,Success Oil Company,Success Oil Company, Success Oil Co.|Success Oil Company ,,
kathrynsonmoonlake.com,Kathryn's of Mississippi Inc.,Kathryn's of Mississippi Inc.,Kathryn's of Mississippi Inc.,,
prlassociates.net,PRL Associates,,PRL Associates,,
theconservancyproject.org,The Conservancy Project,,The Conservancy Project,,
fivestaracsd.com,Five Star Heating and Air Conditioning,,Five Star Heating and Air Conditioning | Five Star Heating,,
palaciopet.com,Palacio Pet,,Palacio Pet,,
stangerfabllc.com,Stanger Fab LLC.,Stanger Fab LLC.,Stanger Fab LLC. | Stanger Fab,,
glovemitten.com,Men's Mittens,, Mittens|Men's Mittens ,,
informatichiamoci.it,Informatichiamoci,,Informatichiamoci,,
tsunamipolo.org,Tsunami Water Polo,, San Francisco Tsunami Water Polo|Tsunami Water Polo ,,
amwindowcleaning.org,A & M Window Cleaning,,A & M Window Cleaning,,
fitcivic.com,Fit Civic,,Fit Civic,,
kiddnap.com,Kidnap,,Kidnap,,
intlselfstorage.com,International Self Storage,,International Self Storage,,
libanswers.shadygrove.umd.edu,LibAnswers,,LibAnswers,,
transtekautosales.com,Trans Tek Auto Sales,Transtek Transmission Corp, Trans-Tek Auto Professionals | Transtek Transmission Corp|Trans Tek Auto Sales | Trans-Tek Transmission | Trans-Tek ,,
highwayonerealestate.com,Highway One Real Estate,,Highway One Real Estate,,
saracott.com,Sara Cott MSW LCSW,, Sara Cott|Sara Cott MSW LCSW ,,
mtzionbaptistrentz.com,Mt Zion Baptist Church,,Mt Zion Baptist Church,,
post32nc.org,HAIR & MATTHEWS POST 32,Duncan Harling SAL.,HAIR & MATTHEWS POST 32 | Duncan Harling SAL.| Post 32 ,,
erikashome.com,Erika Marsh Pitman,,Erika Marsh Pitman,,
truefablespottery.com,True Fables Pottery,,True Fables Pottery,,
gooddogsfarm.com,Good Dogs Farm,,Good Dogs Farm,,
energy-health-oriental-massage.business.site,Energy Health Oriental Massage,,Energy Health Oriental Massage,,
cryptobroaden.com,Crypto Broaden,Stock Marathon Petroleum Corporation,Crypto Broaden | Stock Marathon Petroleum Corporation,,
ohhappydayshatchetthrowing.com,Oh Happy Days Hatchet Throwing And More,, Oh Happy Days Hatchet Throwing|Oh Happy Days Hatchet Throwing And More ,,
taam.org,TAAM,,TAAM,,
rlosrivera.com,XV CAPITAL LLC.,XV CAPITAL LLC.,XV CAPITAL LLC.,,
simplythaidining.com,Simply Thai Restaurant,,Simply Thai Restaurant,,
temploebenezerweslaco.com,TEMPLO EBENEZER WESLACO,,TEMPLO EBENEZER WESLACO,,
clearmirrorhealing.wordpress.com,Clear Mirror Healing,, Clear Mirror Healing - Home|Clear Mirror Healing ,,
batesdds.com,Bates DDS,,Bates DDS | BatesDDS - Ryan Bates DDS,,
sanctuaryfarmphila.org,Sanctuary Farm Phila,, Sanctuary Farm Philadelphia | Sanctuary Farm|Sanctuary Farm Phila ,,
hunterdecuir24.com,Hunter Decuir Clover High School,,Hunter Decuir Clover High School,,
royaltycleaningva.co,Fit For Royalty Cleaning LLC.,Fit For Royalty Cleaning LLC.,Fit For Royalty Cleaning LLC.,,
bytheseat.com,Imperium Jets,,Imperium Jets | TukiJets,,
two2brew.com,Two2Brew,,Two2Brew,,
writingonboard.com,Writing on Board,,Writing on Board,,
asahisuperdry.com,Asahi Super Dry,Asahi Europe Limited, Asahi Europe Limited |Asahi Super Dry | Super Dry| Asahi Group Holdings Ltd. ,,
platformtemizlik.com,Platform Temizlik,,Platform Temizlik,,
myfriendsandme.net,My Friends and Me,,My Friends and Me | My Friends,,
kairios.com,Kairios,Kairios Co.,Kairios | Kairios Co.,,
theburningship.com,The Burning Ship,,The Burning Ship,,
daveandtracy.org,David & Tracy,,David & Tracy,,
harmonystarkennel.com,Harmony Star Kennel,,Harmony Star Kennel,,
highqualitypcs.com,Highqualitypcs,,Highqualitypcs,,
earthrenovation.net,Earth Renovation & Design,, Earth Renovation &amp Design | Earth Renovation|Earth Renovation & Design ,,
warnby.com,Warnby,,Warnby,,
wadeloans.com,Wade Smith Clarity Mortgage,,Wade Smith Clarity Mortgage,,
horizon-international.com,Horizon International,Horizon International Tech Inc., Horizon International Tech Inc.| Horizon International Development |Horizon International ,,
sonicshopper.com,SONIC SHOPPER,,SONIC SHOPPER,,
stevensfamilyfarm.webs.com,Stevens Family Farm,,Stevens Family Farm,,
thefeldenkraiscenter.com,The Feldenkrais Center,, The Feldenkrais Center of San Diego|The Feldenkrais Center ,,
epocheducation.com,Epoch Education,EPOCH EDUCATION INC.,Epoch Education | EPOCH EDUCATION INC.,,
koimountain.com,Koi Mountain,,Koi Mountain | Koi MountainBath-and-body,,
kusbeautyusa.com,Kus beauty,,Kus beauty,,
sootheyoursoulmassage.com,Soothe Your Soul Massage LLC.,Soothe Your Soul Massage LLC.,Soothe Your Soul Massage LLC. | Soothe Your Soul Massage,,
elijahvest.com,Elijah Vestergaard,,Elijah Vestergaard,,
lukesmma.com,Lukes Mixed Martial Arts,,Lukes Mixed Martial Arts,,
theuntamedcreative.co,The Untamed Creative,, Untamed Creative|The Untamed Creative ,,
projectgestalt.com,Project Gestalt Inc.,Project Gestalt Inc., Project Gestalt|Project Gestalt Inc. ,,
king-alexander.com,Kirkus Reviews,,Kirkus Reviews,,
arnoldprint.com,Arnold Printed Communications,Arnold Printed Co., Arnold Printed | Arnold Printed Co.| Arnold Printed Communications |Arnold Printed Comm | Arnold Business Forms Inc. ,,
puppetheap.com,Puppet Heap,Puppet Heap LLC., Puppet Heap LLC.|Puppet Heap ,,
allstarbp.com,Allstar Simulators,,Allstar Simulators | Allstar BP,,
proofpass.com,ProofPass,,ProofPass,,
toptok.info,TopTok,,TopTok,,
beckynadesan.com,Becky Nadesan,,Becky Nadesan,,
cstyled.com,CStyled,,CStyled,,
harlongroup.com,Harlon Group,,Harlon Group,,
drfconaway.com,Dr. Frank Conaway DDS,, Frank Conaway|Dr. Frank Conaway DDS ,,
hoodriverclothing.com,Hood River Clothing,Hood River Clothing Company,Hood River Clothing | Hood River Clothing Company | Hood River Clothing Co.,,
nachonomics.com,Nachonomics,,Nachonomics,,
charleygasparlandscapingllc.com,Charley Gaspar Landscaping LLC.,Charley Gaspar Landscaping LLC.,Charley Gaspar Landscaping LLC. | Charley Gaspar Landscaping,,
yoursbasource.com,Your SBA Source,,Your SBA Source,,
3lnotary.com,3L Notary,BeClay Media LLC.,3L Notary | BeClay Media LLC.,,
sbmobilenails.com,SB Mobile Nail,,SB Mobile Nail,,
spots.edu,S.P.O.T.S.,,S.P.O.T.S.,,
sandiegorealestatejobs.net,ZipRealty,,ZipRealty,,
romanolawpllc.com,Romano Law,Romano Law PLLC,Romano Law | Romano Law PLLC,,
harperfinancialassociates.com,Harper Financial Associates LLC.,Harper Financial Associates LLC.,Harper Financial Associates LLC. | Harper Financial Associates,,
advance-tcc.com,ADVANCE-TCC,ADVANCE-TCC LLC., ADVANCE-TCC LLC.|ADVANCE-TCC ,,
madebyjosy.com,Made By Josy,,Made By Josy,,
childcarecompany.org,THE CHILD CARE COMPANY,THE CHILD CARE COMPANY,THE CHILD CARE COMPANY | Child Care Company,,
ssmobile.store,SS Mobile,,SS Mobile,,
ticketsregina.com,Tickets Regina,,Tickets Regina,,
thethriftyhijabi.com,The Thrifty Hijabi,,The Thrifty Hijabi,,
drcharlieharper.com,Dr. Charlie Harper,, Dr. Charlie Harper|"Dr. Charlie Harper , D.C.",
salinasidingcompany.com,Salina Siding Company,Salina Siding Company,Salina Siding Company | Salina Siding,,
willowglenhomeandgarden.com,Willow Glen Home & Garden,The Green Home And Garden Co.,Willow Glen Home & Garden | The Green Home And Garden Co.,,
janellesrestaurant.com,Janelles Restaurant,,Janelles Restaurant | Janelle’s Caribbean Restaurant,,
independenthotelmarketinggroup.com,Independent Hotel Marketing,, INDEPENDENT HOTEL MARKETING GROUP|Independent Hotel Marketing ,,
mjwm225.com,Matthew Johnson CFP,,Matthew Johnson CFP,,
skdesignbuildllc.com,S&K Design-Build,S&K Design Build LLC.,S&K Design-Build | S&K Design Build LLC.,,
bhmedicalsupplies.com,BH Medical Supplies,,BH Medical Supplies,,
dotsandcubes.com,Dots & Cubes,Dots & Cubes LLC.,Dots & Cubes | Wischman Management Inc.| Dots & Cubes LLC. ,,
juniorchefsofamerica.org,Junior Chefs Of America,,Junior Chefs Of America,,
roushdetailingllc.com,Roush Detailing,Roush Detailing llc., Roush Detailing llc.|Roush Detailing ,,
bookkeepinglogic.com,Bookkeeping Logic,Bookkeeping Logic Inc., Bookkeeping Logic Inc.|Bookkeeping Logic | Bookkeeping Logic QuickBooks ,,
citycanyons.com,City Canyons,City Canyons LLC.,City Canyons | City Canyons LLC.| City Canyons Productions ,,
pattikavanagh.massagetherapy.com,Patti Kavanagh,,Patti Kavanagh,,
torres-hvac.business.site,Torres HVAC,,Torres HVAC,,
anthonymarlowe.com,Anthony Marlowe,,Anthony Marlowe,,
directtransportsys.com,Direct Transport Systems Inc.,Direct Transport Systems Inc., Direct Transport Systems | Direct Transport|Direct Transport Systems Inc. ,,
masterguyscardetail.com,Masterguyscardetail,,Masterguyscardetail | Master guys,,
alphaquorumstore.com,Alpha Quorum,Evolved Worldwide LLC.,Alpha Quorum | Evolved Worldwide LLC.,,
bellocasa.com,Bello Casa,Bello Casa LLC., Bello Casa LLC.|Bello Casa ,,
amendedbeauty.com,Amended Beauty,,Amended Beauty,,
yourtowcompany.com,Your Tow Company,Your Tow Company,Your Tow Company,,
holehunterindustries.com,HoleHunter Industries,Hole Hunter Industries LLC.,HoleHunter Industries | Hole Hunter Industries LLC.| Hole Hunter Industries eStore ,,
djs-general-service-llc.business.site,Dj's General service llc.,Dj's General service llc., Dj's General service|Dj's General service llc. ,,
brushsolutions.net,Brush Solutions Inc.,Brush Solutions Inc., Brush Solutions|Brush Solutions Inc. ,,
al-advertising-diet-store.com,AL Advertising Diet Store,,AL Advertising Diet Store | AL Advertising,,
ftworthepoxyflooring.com,Fort Worth Epoxy Flooring,,Fort Worth Epoxy Flooring,,
teriorr.weebly.com,Teri J. Orr,,Teri J. Orr | Teri Orr,,
thermproutah.com,Therm Pro,, Utica Boilers Inc.|Therm Pro ,,
change-points.com,Change Points,ChangePoints LLC., ChangePoints LLC.|Change Points ,,
bergesenterpriseinc.com,Berges Enterprises Inc.,Berges Enterprises Inc.,Berges Enterprises Inc. | Berges Enterprise Inc.,,
salazarthomas.com,THOMAS SALAZAR llc.,THOMAS SALAZAR llc.,THOMAS SALAZAR llc. | SALAZAR LLC.,,
mojoparker.com,Mojo Parker,,Mojo Parker | Mojo Parker - Home,,
neilheffernan.net,Neil Heffernan,PI Sonalysts Inc.,Neil Heffernan | PI Sonalysts Inc.,,
top-salon-hair-salon.business.site,Top salon Hair Salon,,Top salon Hair Salon | Top salon,,
littlefeetforestschool.org,Little Feet Forest School,,Little Feet Forest School | Little Feet Forest S | Little Feet Forest,,
ehardts.com,Ehardt's Pharmacy,EHARDT'S PHARMACY INC., Ehardt's | EHARDT'S PHARMACY INC.| Ehardt's Pharmacy & Medical Supply |Ehardt's Pharmacy ,,
pdassociation.org,Private Directors Association,Private Directors Association,Private Directors Association,,
green-graphixz-clothing-company.business.site,Green Graphixz Clothing Company,Green Graphixz Clothing Company,Green Graphixz Clothing Company,,
befeni-usa.com,Befeni USA,Smith79 Inc., Smith79 Inc.|Befeni USA ,,
kansaslimousin.org,Kansas Limousin Breeders Association,Kansas Limousin Breeders Association, Kansas Limousin Breeders| Kansas Limousin |Kansas Limousin Breeders Association ,,
wibidata.com,WibiData,,WibiData | WibidataOfficial,,
quality-trucking.com,Quality Trucking Inc.,Quality Trucking Inc.,Quality Trucking Inc. | Quality Trucking,,
safetychain.com,SafetyChain Software,SafetyChain Software Inc., SafetyChain Software Inc.|SafetyChain Software | Safety Chain ,,
awbrueggemann.com,A W Brueggemann Co.,A W Brueggemann Co., A.W. Brueggemann |A W Brueggemann Co. | A.W. Brueggemann Company Inc.,,
hannacho.com,Hanna cho,,Hanna cho,,
motinidesigns.com,Motini Designs,,Motini Designs,,
silverbaytech.com,Silver Bay Software LLC.,Silver Bay Software LLC., Silver Bay Technologies|Silver Bay Software LLC. ,,
ghostmountain.org,Ghost Mountain,,Ghost Mountain,,
lawrencedy.com,Lawrence Dy,,Lawrence Dy,,
dumpsterrentalalhambraca.com,Dumpster Rental Alhambra,,Dumpster Rental Alhambra,,
quick9.io,Quick 9,,Quick 9,,
cleaningsvccolumbiafalls.com,Cleaning Co.,Cleaning Co.,Cleaning Co.,,
carolynsnails.com,Color Street Carolyns Classy Nails,,Color Street Carolyns Classy Nails,,
ubercigar.com.au,Ubercigar Express,, Ubercigar Delivery|Ubercigar Express | Ubercigar ,,
edgeinsurance.biz,Edge Insurance,, Edge Insurance Brokers|Edge Insurance ,,
documentsandforms.com,Documents And Forms,,Documents And Forms,,
secondnaturedesignsmv.com,Second Nature Designs,,Second Nature Designs,,
loydayu.com,Loyda Yu,, Erika Loyda Yu|Loyda Yu | Loyda Yu Century 21 Award ,,
dreamservicesoftware.com,Dream Service Software,,Dream Service Software | Dream Service,,
positivesideofgolf.com,Positive Side of Golf,,Positive Side of Golf,,
topcropalliance.com,Top Crop Alliance,,Top Crop Alliance,,
roux30a.com,Roux 30a,Roux 30a Enterprises LLC., Roux 30a Enterprises LLC.|Roux 30a ,,
ropescan.us,Rope Scan,,Rope Scan,,
randrdance.com,RR Dance STUDIO DJ Services,, R&R Dance|RR Dance STUDIO DJ Services ,,
burkeoppenheim.com,Burke Oppenheim,,Burke Oppenheim,,
flatpondpublishing.com,Flat Pond Publishing,,Flat Pond Publishing,,
european-deli.com,European Deli & Bakery,,European Deli & Bakery | European Deli,,
car.hk,Loeber,,Loeber,,
sammycarlosdelicatessencatering.net,Sammy Carlo's Delicatessen & Catering,,Sammy Carlo's Delicatessen & Catering,,
h-glogistics.com,H&G Logistics,,H&G Logistics,,
yttangsoodo.com,Y. T. Tang Soo Do,T. Tang Soo Do LLC., T. Tang Soo Do LLC. |Y. T. Tang Soo Do | Y. T. Tang Soo Do LLC.| Y. T. Tang Soo ,,
arbca.com,Association of Reformed Baptist Churches of America,Arbca Inc., ARBCA |Association of Reformed Baptist Churches of America | Arbca Inc.,,
advertiserandmarketersplatform.com,Andmarketers,,Andmarketers,,
saipanyc.com,Saipa NYC,,Saipa NYC,,
directdrivelogistics.com,Direct Drive Logistics - Milwaukee,,Direct Drive Logistics - Milwaukee | Direct Drive Logistics,,
gsbphoto.com,Gordon S Bernstein Photo,, Bernstein Gordon S|Gordon S Bernstein Photo ,,
bgkinvestments.com,BGK Investments,,BGK Investments,,
hiddengallerywines.com,The Hidden Gallery,,The Hidden Gallery | Hidden Gallery wines,,
dreamlab.design,DreamLab,DreamLab LLC.,DreamLab | DreamLab LLC. | DreamLab Creative Ideas,,
blueridgechair.com,Blue Ridge Chair,Blue Ridge Chair - Limited,Blue Ridge Chair | Blue Ridge Chair Works | Blue Ridge Chair - Limited,,
beaconhillrealtygroup.com,Beacon Hill Realty Group,,Beacon Hill Realty Group | Beacon Hill Realty,,
yourhairdynasty.com,Your Hair Dynasty,Your Hair Dynasty LLC.,Your Hair Dynasty | Your Hair Dynasty LLC. | Your Hair,,
moving2branson.com,Table Rock Lake Home Search,,Table Rock Lake Home Search,,
acupuncture-oriental-massage.business.site,Acupuncture & Oriental Massage,,Acupuncture & Oriental Massage,,
mtcdz.net,MTC ECOLE,,MTC ECOLE,,
mikesagfencerepair.com,Mikesagfencerepair,Mike's Agricultural Fence Repair LLC., Mike's Agricultural Fence Repair LLC.| Mike's Agriculture Fence Repair |Mikesagfencerepair ,,
belozapp.com,BEL-OZ LTD.,BEL-OZ LTD.,BEL-OZ LTD.,,
tiffin24.com,TIFFIN 24,,TIFFIN 24,,
eventsbyabel.com,Events By Abel,,Events By Abel,,
river-valley-rv-park-tx.business.site,River Valley RV Park TX,,River Valley RV Park TX | River Valley RV Park,,
mygoodhorse.weebly.com,Good Horse,,Good Horse,,
genfreellc.com,GenFree LLC.,GenFree LLC.,GenFree LLC.,,
cherrycreektributaries.com,Cherry Creek Tributaries,,Cherry Creek Tributaries,,
timent.com,Timent Technologies,,Timent Technologies | Timent,,
kellyhohlainteriors.com,Kelly Hohla Interiors,,Kelly Hohla Interiors,,
advancedbiblicalstudies.net,Advanced Biblical Studies,Light Ministries International Inc.,Advanced Biblical Studies | Light Ministries International Inc.,,
mq3labs.com,MQ3 Labs,Advisor Blackboat GmbH,MQ3 Labs | Advisor Blackboat GmbH,,
azureskies.com,Azure Skies Landscaping,,Azure Skies Landscaping,,
mejina.net,Hishiyakuwaku,,Hishiyakuwaku,,
simplicitymovers.com,Simplicity Movers,,Simplicity Movers,,
greenershinglessanantonio.com,Greener Shingles,,Greener Shingles | Roof Rejuvenation San Antonio | Greener Shingles Roof Rejuvenation,,
eattacorepublic.com,Taco Republic Kansas City,,Taco Republic Kansas City | Taco Republic | Taco Republic Truck| Taco Republic Westwood ,,
libertybaptist.org,Liberty Baptist Church,, Liberty Baptist|Liberty Baptist Church ,,
pawsinmotionla.com,Paws in Motion - Professional Dog Runners,Paws in Motion Inc., Paws in Motion Inc. |Paws in Motion - Professional Dog Runners | Paws in Motion,,
betterbuildco.com,Better Build Co.,Better Build Co.,Better Build Co.,,
gabeyandell.com,Gabe Yandell,Gabe Yandell Pllc, Gabe Yandell Pllc|Gabe Yandell | Gabe Yandell LMFT ,,
daylilyhealth.org,DAYLILY HEALTH,,DAYLILY HEALTH,,
burst-media.com,Burst Media Weddings,, BURST-MEDIA|Burst Media Weddings ,,
aquamarinejewelrystudio.com,Aquamarine jewelry studio,, Aquamarine Jewelry|Aquamarine jewelry studio ,,
sacreativedesign.com,SA Creative Design,,SA Creative Design,,
markhensonart.com,Mark Henson Art,, Mark Henson|Mark Henson Art ,,
snfdata.com,SNFData,SNFdata Resources LLC., SNFdata Resources LLC. | SNFdata Resources Inc.|SNFData ,,
marblepolishingmiami.net,Marble Polishing Miami,,Marble Polishing Miami | Marble Floor Polishing Miami,,
woodgateapts.net,Woodgate Apartments at Jordan Landing,,Woodgate Apartments at Jordan Landing | Woodgate | Woodgate Apartments,,
hubbardstudios.com,Hubbard Studios,,Hubbard Studios,,
embodyacupuncture.com,Embody Acupuncture,,Embody Acupuncture,,
clevelandheightsapartments.com,Cleveland Heights Apartments,, Cleveland Heights Apartments|Cleveland Heights Apartments | 2677 Euclid Heights Blvd ,,
groundswellglobalresearch.org,Groundswell Global Research,Groundswell Global Research Inc.,Groundswell Global Research | Groundswell Global Research Inc.,,
esihealthcaresolutions.com,ESI Healthcare Business Solutions,ESI Healthcare Business Solutions LLC.,ESI Healthcare Business Solutions | ESI Healthcare Solutions| ESI Healthcare Business Solutions LLC. | ESI Healthcare Solutions LLC. ,,
cgllcairheatingandcoolingservices.business.site,C&G LLC- Air Heating and Cooling Services,,C&G LLC- Air Heating and Cooling Services,,
lloydfeinberg.com,Lloyd Feinberg,,Lloyd Feinberg,,
ridgelinehomeinspect.com,Ridgeline Home Inspection Services,Ridgeline Home Inspection Services LLC., Ridgeline Home Inspection |Ridgeline Home Inspection Services | Ridgeline Home Inspection Services LLC.,,
csquarednetworks.com,C Squared Networks,,C Squared Networks,,
dallassurgicalgroup.com,Dallas Surgical Group,,Dallas Surgical Group,,
deliverance-ministry-new-york.com,Deliverance Ministry New York,, Deliverance Ministry|Deliverance Ministry New York ,,
logicworks.cc,Logicworks,LogicWorks Inc.,Logicworks | LogicWorks Inc.,,
rewildyourgarden.com,Wild Native Gardens,, ReWILD Your Garden|Wild Native Gardens ,,
itpc-usa.com,Italian Travel Promotion Council,,Italian Travel Promotion Council,,
teitelbaumco.com,Michael J. Teitelbaum Co.,Michael J. Teitelbaum Co.,Michael J. Teitelbaum Co. | Teitelbaum Co. L.P.| Teitelbaum Co. | Teitelbaum Michael J ,,
kalamazoomijobs.com,Kalamazoo QR,,Kalamazoo QR,,
sbstransportllc.com,SBS Transport,SBS Transport LLC., SBS Transport LLC.|SBS Transport ,,
toothfairycleaningservice.com,Tooth Fairy Cleaning Service,, Tooth Fairy Cleaning|Tooth Fairy Cleaning Service ,,
hdnavalue.com,Hollingshead Dearden Associates,Dearden & Associates LLC., Hollingshead Dearden Associates | Hollingshead Dearden | Todd Hollingshead ASA. | Dearden & Associates LLC.|Hollingshead Dearden & Associates LLC. ,,
abujaluxuryhome.com,Abuja Luxury Homes,, Abuja Luxury Homes & Appartment |Abuja Luxury Homes | Abuja Luxury Homes & Property,,
oddwomannailsandmore.com,Oddwoman Nails and more,, Oddwoman nails|Oddwoman Nails and more ,,
outforlifeministries.com,Out For Life Ministries,,Out For Life Ministries,,
qualifiedportablegarages.com,Qualified Portable Garages,,Qualified Portable Garages,,
helixapartments.com,Helix Apartments,Summit Realty LLC.,Helix Apartments | Summit Realty LLC.,,
krambu.com,KRAMBU,KRAMBU Inc.,KRAMBU | KRAMBU Inc.,,
virustarllc.com,ViruStar LLC.,ViruStar LLC., VirusStar LLC.|ViruStar LLC. ,,
crabhouse39.com,Crab House at Pier 39,, Crab House | Simco Group LLC.|Crab House at Pier 39 ,,
gougeon.com,Gougeon Brothers Inc.,Gougeon Brothers Inc., Gougeon | GOUGEON BROTHERS|Gougeon Brothers Inc. ,,
bubsnola.com,Bub's NOLA,,Bub's NOLA,,
gentleconfections.com,Gentle Confections,,Gentle Confections,,
trbism.com,Trbism,,Trbism,,
tribeofdantours.com,Tribe of Dan Tours,,Tribe of Dan Tours,,
heather-brooks-painted-furniture.ueniweb.com,Heather Brooks Painted Furniture,,Heather Brooks Painted Furniture | Heather Brooks Painted,,
wheelrepairphoenix.com,Wheel Repair Phoenix,,Wheel Repair Phoenix,,
denhamsflorist.com,Denham's Florist,,Denham's Florist,,
coricarl.com,Cori Carl,,Cori Carl,,
northsidemeadows.com,Northside Meadows,,Northside Meadows,,
alluredesign.org,Allure Design,,Allure Design,,
cwenergyusa.com,C&W Energy Solutions,C&W Energy Solutions LLC., C&W Energy USA |Chips & Wafers Inc. | C&W Energy Solutions LLC. | Wafers Inc. | C&W Energy Solutions,,
slushpoolglobal.com,Slushpool global,,Slushpool global,,
bzzster.com,Shareaholic,,Shareaholic,,
accubuiltnw.com,Accu Built Northwest Llc.,Accu Built Northwest Llc.,Accu Built Northwest Llc.,,
whitwell-accounting-llc.business.site,Whitwell Accounting LLC.,Whitwell Accounting LLC.,Whitwell Accounting LLC.,,
kathymetzinc.com,Realty Connect USA,,Realty Connect USA,,
coralgablesrealestatefl.com,Subdivision 344 Mendoza LLC.,Subdivision 344 Mendoza LLC.,Subdivision 344 Mendoza LLC.,,
southernuc.com,Southern Urgent Care,,Southern Urgent Care | Healthagen LLC.| Soutehrn Urgent Care ,,
fsb-int.com,Future Semiconductor Business,,Future Semiconductor Business | Future Semiconductor,,
ascend-tech.us,Ascendant Software Technology,Ascendant Software Technology LLC.,Ascendant Software Technology | Ascendant Software | Ascendant Software Technology LLC.,,
campaigntostopgunviolence.org,Campaign to Stop Gun Violence,,Campaign to Stop Gun Violence,,
dbdtravel.net,Destinations by Design LLC.,Destinations by Design LLC., Destinations by Design|Destinations by Design LLC. ,,
whittiershuttle.com,Whittier Alaska Shuttle,,Whittier Alaska Shuttle | Whittier shuttle,,
mhkeratin.com,Mai Hair Keratin,,Mai Hair Keratin | MAI HAIR,,
pinehavenresort.com,Pine Haven Resort,,Pine Haven Resort,,
